canonical_station,island,year_month,status,has_detections,status_basis
LC LF SSE,LC,2005-01,absent,0,inferred_no_record
LC LF SSE,LC,2005-02,absent,0,inferred_no_record
LC LF SSE,LC,2005-03,absent,0,inferred_no_record
LC LF SSE,LC,2005-04,absent,0,inferred_no_record
LC LF SSE,LC,2005-05,absent,0,inferred_no_record
LC LF SSE,LC,2005-06,absent,0,inferred_no_record
LC LF SSE,LC,2005-07,absent,0,inferred_no_record
LC LF SSE,LC,2005-08,absent,0,inferred_no_record
LC LF SSE,LC,2005-09,absent,0,inferred_no_record
LC LF SSE,LC,2005-10,absent,0,inferred_no_record
LC LF SSE,LC,2005-11,absent,0,inferred_no_record
LC LF SSE,LC,2005-12,absent,0,inferred_no_record
LC LF SSE,LC,2006-01,absent,0,inferred_no_record
LC LF SSE,LC,2006-02,absent,0,inferred_no_record
LC LF SSE,LC,2006-03,absent,0,inferred_no_record
LC LF SSE,LC,2006-04,absent,0,inferred_no_record
LC LF SSE,LC,2006-05,absent,0,inferred_no_record
LC LF SSE,LC,2006-06,absent,0,inferred_no_record
LC LF SSE,LC,2006-07,absent,0,inferred_no_record
LC LF SSE,LC,2006-08,absent,0,inferred_no_record
LC LF SSE,LC,2006-09,absent,0,inferred_no_record
LC LF SSE,LC,2006-10,absent,0,inferred_no_record
LC LF SSE,LC,2006-11,absent,0,inferred_no_record
LC LF SSE,LC,2006-12,absent,0,inferred_no_record
LC LF SSE,LC,2007-01,absent,0,inferred_no_record
LC LF SSE,LC,2007-02,absent,0,inferred_no_record
LC LF SSE,LC,2007-03,absent,0,inferred_no_record
LC LF SSE,LC,2007-04,absent,0,inferred_no_record
LC LF SSE,LC,2007-05,absent,0,inferred_no_record
LC LF SSE,LC,2007-06,absent,0,inferred_no_record
LC LF SSE,LC,2007-07,absent,0,inferred_no_record
LC LF SSE,LC,2007-08,absent,0,inferred_no_record
LC LF SSE,LC,2007-09,absent,0,inferred_no_record
LC LF SSE,LC,2007-10,absent,0,inferred_no_record
LC LF SSE,LC,2007-11,absent,0,inferred_no_record
LC LF SSE,LC,2007-12,absent,0,inferred_no_record
LC LF SSE,LC,2008-01,absent,0,inferred_no_record
LC LF SSE,LC,2008-02,absent,0,inferred_no_record
LC LF SSE,LC,2008-03,absent,0,inferred_no_record
LC LF SSE,LC,2008-04,absent,0,inferred_no_record
LC LF SSE,LC,2008-05,absent,0,inferred_no_record
LC LF SSE,LC,2008-06,absent,0,inferred_no_record
LC LF SSE,LC,2008-07,absent,0,inferred_no_record
LC LF SSE,LC,2008-08,absent,0,inferred_no_record
LC LF SSE,LC,2008-09,absent,0,inferred_no_record
LC LF SSE,LC,2008-10,absent,0,inferred_no_record
LC LF SSE,LC,2008-11,absent,0,inferred_no_record
LC LF SSE,LC,2008-12,absent,0,inferred_no_record
LC LF SSE,LC,2009-01,absent,0,inferred_no_record
LC LF SSE,LC,2009-02,absent,0,inferred_no_record
LC LF SSE,LC,2009-03,absent,0,inferred_no_record
LC LF SSE,LC,2009-04,absent,0,inferred_no_record
LC LF SSE,LC,2009-05,absent,0,inferred_no_record
LC LF SSE,LC,2009-06,absent,0,inferred_no_record
LC LF SSE,LC,2009-07,absent,0,inferred_no_record
LC LF SSE,LC,2009-08,absent,0,inferred_no_record
LC LF SSE,LC,2009-09,absent,0,inferred_no_record
LC LF SSE,LC,2009-10,absent,0,inferred_no_record
LC LF SSE,LC,2009-11,absent,0,inferred_no_record
LC LF SSE,LC,2009-12,absent,0,inferred_no_record
LC LF SSE,LC,2010-01,absent,0,inferred_no_record
LC LF SSE,LC,2010-02,absent,0,inferred_no_record
LC LF SSE,LC,2010-03,absent,0,inferred_no_record
LC LF SSE,LC,2010-04,absent,0,inferred_no_record
LC LF SSE,LC,2010-05,absent,0,inferred_no_record
LC LF SSE,LC,2010-06,absent,0,inferred_no_record
LC LF SSE,LC,2010-07,absent,0,inferred_no_record
LC LF SSE,LC,2010-08,absent,0,inferred_no_record
LC LF SSE,LC,2010-09,absent,0,inferred_no_record
LC LF SSE,LC,2010-10,absent,0,inferred_no_record
LC LF SSE,LC,2010-11,absent,0,inferred_no_record
LC LF SSE,LC,2010-12,absent,0,inferred_no_record
LC LF SSE,LC,2011-01,absent,0,inferred_no_record
LC LF SSE,LC,2011-02,absent,0,inferred_no_record
LC LF SSE,LC,2011-03,absent,0,inferred_no_record
LC LF SSE,LC,2011-04,absent,0,inferred_no_record
LC LF SSE,LC,2011-05,absent,0,inferred_no_record
LC LF SSE,LC,2011-06,absent,0,inferred_no_record
LC LF SSE,LC,2011-07,absent,0,inferred_no_record
LC LF SSE,LC,2011-08,absent,0,inferred_no_record
LC LF SSE,LC,2011-09,absent,0,inferred_no_record
LC LF SSE,LC,2011-10,absent,0,inferred_no_record
LC LF SSE,LC,2011-11,absent,0,inferred_no_record
LC LF SSE,LC,2011-12,absent,0,inferred_no_record
LC LF SSE,LC,2012-01,absent,0,inferred_no_record
LC LF SSE,LC,2012-02,absent,0,inferred_no_record
LC LF SSE,LC,2012-03,absent,0,inferred_no_record
LC LF SSE,LC,2012-04,absent,0,inferred_no_record
LC LF SSE,LC,2012-05,absent,0,inferred_no_record
LC LF SSE,LC,2012-06,absent,0,inferred_no_record
LC LF SSE,LC,2012-07,absent,0,inferred_no_record
LC LF SSE,LC,2012-08,absent,0,inferred_no_record
LC LF SSE,LC,2012-09,absent,0,inferred_no_record
LC LF SSE,LC,2012-10,absent,0,inferred_no_record
LC LF SSE,LC,2012-11,absent,0,inferred_no_record
LC LF SSE,LC,2012-12,absent,0,inferred_no_record
LC LF SSE,LC,2013-01,absent,0,inferred_no_record
LC LF SSE,LC,2013-02,absent,0,inferred_no_record
LC LF SSE,LC,2013-03,absent,0,inferred_no_record
LC LF SSE,LC,2013-04,absent,0,inferred_no_record
LC LF SSE,LC,2013-05,absent,0,inferred_no_record
LC LF SSE,LC,2013-06,absent,0,inferred_no_record
LC LF SSE,LC,2013-07,absent,0,inferred_no_record
LC LF SSE,LC,2013-08,absent,0,inferred_no_record
LC LF SSE,LC,2013-09,absent,0,inferred_no_record
LC LF SSE,LC,2013-10,absent,0,inferred_no_record
LC LF SSE,LC,2013-11,absent,0,inferred_no_record
LC LF SSE,LC,2013-12,absent,0,inferred_no_record
LC LF SSE,LC,2014-01,absent,0,inferred_no_record
LC LF SSE,LC,2014-02,absent,0,inferred_no_record
LC LF SSE,LC,2014-03,absent,0,inferred_no_record
LC LF SSE,LC,2014-04,absent,0,inferred_no_record
LC LF SSE,LC,2014-05,absent,0,inferred_no_record
LC LF SSE,LC,2014-06,absent,0,inferred_no_record
LC LF SSE,LC,2014-07,absent,0,inferred_no_record
LC LF SSE,LC,2014-08,absent,0,inferred_no_record
LC LF SSE,LC,2014-09,absent,0,inferred_no_record
LC LF SSE,LC,2014-10,absent,0,inferred_no_record
LC LF SSE,LC,2014-11,absent,0,inferred_no_record
LC LF SSE,LC,2014-12,absent,0,inferred_no_record
LC LF SSE,LC,2015-01,absent,0,inferred_no_record
LC LF SSE,LC,2015-02,absent,0,inferred_no_record
LC LF SSE,LC,2015-03,absent,0,inferred_no_record
LC LF SSE,LC,2015-04,absent,0,inferred_no_record
LC LF SSE,LC,2015-05,absent,0,inferred_no_record
LC LF SSE,LC,2015-06,absent,0,inferred_no_record
LC LF SSE,LC,2015-07,absent,0,inferred_no_record
LC LF SSE,LC,2015-08,absent,0,inferred_no_record
LC LF SSE,LC,2015-09,absent,0,inferred_no_record
LC LF SSE,LC,2015-10,absent,0,inferred_no_record
LC LF SSE,LC,2015-11,absent,0,inferred_no_record
LC LF SSE,LC,2015-12,absent,0,inferred_no_record
LC LF SSE,LC,2016-01,absent,0,inferred_no_record
LC LF SSE,LC,2016-02,absent,0,inferred_no_record
LC LF SSE,LC,2016-03,absent,0,inferred_no_record
LC LF SSE,LC,2016-04,absent,0,inferred_no_record
LC LF SSE,LC,2016-05,absent,0,inferred_no_record
LC LF SSE,LC,2016-06,absent,0,inferred_no_record
LC LF SSE,LC,2016-07,absent,0,inferred_no_record
LC LF SSE,LC,2016-08,absent,0,inferred_no_record
LC LF SSE,LC,2016-09,absent,0,inferred_no_record
LC LF SSE,LC,2016-10,absent,0,inferred_no_record
LC LF SSE,LC,2016-11,absent,0,record
LC LF SSE,LC,2016-12,absent,0,record
LC LF SSE,LC,2017-01,absent,0,record
LC LF SSE,LC,2017-02,absent,0,record
LC LF SSE,LC,2017-03,active,1,record
LC LF SSE,LC,2017-04,silent,0,record
LC LF SSE,LC,2017-05,silent,0,record
LC LF SSE,LC,2017-06,silent,0,record
LC LF SSE,LC,2017-07,active,1,record
LC LF SSE,LC,2017-08,silent,0,record
LC LF SSE,LC,2017-09,silent,0,record
LC LF SSE,LC,2017-10,silent,0,record
LC LF SSE,LC,2017-11,active,1,record
LC LF SSE,LC,2017-12,active,1,record
LC LF SSE,LC,2018-01,active,1,record
LC LF SSE,LC,2018-02,active,1,record
LC LF SSE,LC,2018-03,active,1,record
LC LF SSE,LC,2018-04,active,1,record
LC LF SSE,LC,2018-05,active,1,record
LC LF SSE,LC,2018-06,active,1,record
LC LF SSE,LC,2018-07,active,1,record
LC LF SSE,LC,2018-08,silent,0,record
LC LF SSE,LC,2018-09,silent,0,record
LC LF SSE,LC,2018-10,active,1,record
LC LF SSE,LC,2018-11,silent,0,record
LC LF SSE,LC,2018-12,silent,0,record
LC LF SSE,LC,2019-01,silent,0,record
LC LF SSE,LC,2019-02,active,1,record
LC LF SSE,LC,2019-03,active,1,record
LC LF SSE,LC,2019-04,active,1,record
LC LF SSE,LC,2019-05,active,1,record
LC LF SSE,LC,2019-06,active,1,record
LC LF SSE,LC,2019-07,active,1,record
LC LF SSE,LC,2019-08,active,1,record
LC LF SSE,LC,2019-09,active,1,record
LC LF SSE,LC,2019-10,active,1,record
LC LF SSE,LC,2019-11,active,1,record
LC LF SSE,LC,2019-12,active,1,record
LC LF SSE,LC,2020-01,active,1,record
LC LF SSE,LC,2020-02,active,1,record
LC LF SSE,LC,2020-03,active,1,record
LC LF SSE,LC,2020-04,active,1,record
LC LF SSE,LC,2020-05,silent,0,record
LC LF SSE,LC,2020-06,silent,0,record
LC LF SSE,LC,2020-07,active,1,record
LC LF SSE,LC,2020-08,silent,0,record
LC LF SSE,LC,2020-09,silent,0,record
LC LF SSE,LC,2020-10,active,1,record
LC LF SSE,LC,2020-11,silent,0,record
LC LF SSE,LC,2020-12,silent,0,record
LC LF SSE,LC,2021-01,silent,0,record
LC LF SSE,LC,2021-02,silent,0,record
LC LF SSE,LC,2021-03,silent,0,record
LC LF SSE,LC,2021-04,silent,0,record
LC LF SSE,LC,2021-05,silent,0,record
LC LF SSE,LC,2021-06,silent,0,record
LC LF SSE,LC,2021-07,silent,0,record
LC LF SSE,LC,2021-08,silent,0,record
LC LF SSE,LC,2021-09,silent,0,record
LC LF SSE,LC,2021-10,silent,0,record
LC LF SSE,LC,2021-11,silent,0,record
LC LF SSE,LC,2021-12,silent,0,record
LC LF SSE,LC,2022-01,silent,0,record
LC LF SSE,LC,2022-02,silent,0,record
LC LF SSE,LC,2022-03,silent,0,record
LC LF SSE,LC,2022-04,silent,0,record
LC LF SSE,LC,2022-05,silent,0,record
LC LF SSE,LC,2022-06,silent,0,record
LC LF SSE,LC,2022-07,silent,0,record
LC LF SSE,LC,2022-08,silent,0,record
LC LF SSE,LC,2022-09,silent,0,record
LC LF SSE,LC,2022-10,silent,0,record
LC LF SSE,LC,2022-11,silent,0,record
LC LF SSE,LC,2022-12,silent,0,record
LC LF SSE,LC,2023-01,silent,0,record
LC LF SSE,LC,2023-02,silent,0,record
LC LF SSE,LC,2023-03,silent,0,record
LC LF SSE,LC,2023-04,silent,0,record
LC LF SSE,LC,2023-05,silent,0,record
LC LF SSE,LC,2023-06,silent,0,record
LC LF SSE,LC,2023-07,silent,0,record
LC LF SSE,LC,2023-08,silent,0,record
LC LF SSE,LC,2023-09,silent,0,record
LC LF SSE,LC,2023-10,silent,0,record
LC LF SSE,LC,2023-11,silent,0,record
LC LF SSE,LC,2023-12,silent,0,record
LC LF SSE,LC,2024-01,silent,0,record
LC LF SSE,LC,2024-02,silent,0,record
LC LF SSE,LC,2024-03,silent,0,record
LC LF SSE,LC,2024-04,silent,0,record
LC LF SSE,LC,2024-05,silent,0,record
LC LF SSE,LC,2024-06,silent,0,record
LC LF SSE,LC,2024-07,silent,0,record
LC LF SSE,LC,2024-08,silent,0,record
LC LF SSE,LC,2024-09,silent,0,record
LC LF SSE,LC,2024-10,silent,0,record
LC LF SSE,LC,2024-11,silent,0,record
LC LF SSE,LC,2024-12,silent,0,record
LC LF SSE,LC,2025-01,silent,0,record
LC LF SSE,LC,2025-02,absent,0,inferred_no_record
LC LF SSE,LC,2025-03,absent,0,inferred_no_record
LC LF SSE,LC,2025-04,absent,0,inferred_no_record
LC LF SSE,LC,2025-05,absent,0,inferred_no_record
LC LF SSE,LC,2025-06,absent,0,inferred_no_record
LC LF SSE,LC,2025-07,absent,0,inferred_no_record
LC LF SSE,LC,2025-08,absent,0,inferred_no_record
LC LF SSE,LC,2025-09,absent,0,inferred_no_record
LC LF SSE,LC,2025-10,absent,0,inferred_no_record
LC LF SSE,LC,2025-11,absent,0,inferred_no_record
LC LF SSE,LC,2025-12,absent,0,inferred_no_record
LC LF SW,LC,2005-01,absent,0,inferred_no_record
LC LF SW,LC,2005-02,absent,0,inferred_no_record
LC LF SW,LC,2005-03,absent,0,inferred_no_record
LC LF SW,LC,2005-04,absent,0,inferred_no_record
LC LF SW,LC,2005-05,absent,0,inferred_no_record
LC LF SW,LC,2005-06,absent,0,inferred_no_record
LC LF SW,LC,2005-07,absent,0,inferred_no_record
LC LF SW,LC,2005-08,absent,0,inferred_no_record
LC LF SW,LC,2005-09,absent,0,inferred_no_record
LC LF SW,LC,2005-10,absent,0,inferred_no_record
LC LF SW,LC,2005-11,absent,0,inferred_no_record
LC LF SW,LC,2005-12,absent,0,inferred_no_record
LC LF SW,LC,2006-01,absent,0,inferred_no_record
LC LF SW,LC,2006-02,absent,0,inferred_no_record
LC LF SW,LC,2006-03,absent,0,inferred_no_record
LC LF SW,LC,2006-04,absent,0,inferred_no_record
LC LF SW,LC,2006-05,absent,0,inferred_no_record
LC LF SW,LC,2006-06,absent,0,inferred_no_record
LC LF SW,LC,2006-07,absent,0,inferred_no_record
LC LF SW,LC,2006-08,absent,0,inferred_no_record
LC LF SW,LC,2006-09,absent,0,inferred_no_record
LC LF SW,LC,2006-10,absent,0,inferred_no_record
LC LF SW,LC,2006-11,absent,0,inferred_no_record
LC LF SW,LC,2006-12,absent,0,inferred_no_record
LC LF SW,LC,2007-01,absent,0,inferred_no_record
LC LF SW,LC,2007-02,absent,0,inferred_no_record
LC LF SW,LC,2007-03,absent,0,inferred_no_record
LC LF SW,LC,2007-04,absent,0,inferred_no_record
LC LF SW,LC,2007-05,absent,0,inferred_no_record
LC LF SW,LC,2007-06,absent,0,inferred_no_record
LC LF SW,LC,2007-07,absent,0,inferred_no_record
LC LF SW,LC,2007-08,absent,0,inferred_no_record
LC LF SW,LC,2007-09,absent,0,inferred_no_record
LC LF SW,LC,2007-10,absent,0,inferred_no_record
LC LF SW,LC,2007-11,absent,0,inferred_no_record
LC LF SW,LC,2007-12,absent,0,inferred_no_record
LC LF SW,LC,2008-01,absent,0,inferred_no_record
LC LF SW,LC,2008-02,absent,0,inferred_no_record
LC LF SW,LC,2008-03,absent,0,inferred_no_record
LC LF SW,LC,2008-04,absent,0,inferred_no_record
LC LF SW,LC,2008-05,absent,0,inferred_no_record
LC LF SW,LC,2008-06,absent,0,inferred_no_record
LC LF SW,LC,2008-07,absent,0,inferred_no_record
LC LF SW,LC,2008-08,absent,0,inferred_no_record
LC LF SW,LC,2008-09,absent,0,inferred_no_record
LC LF SW,LC,2008-10,absent,0,inferred_no_record
LC LF SW,LC,2008-11,absent,0,inferred_no_record
LC LF SW,LC,2008-12,absent,0,inferred_no_record
LC LF SW,LC,2009-01,absent,0,inferred_no_record
LC LF SW,LC,2009-02,absent,0,inferred_no_record
LC LF SW,LC,2009-03,absent,0,inferred_no_record
LC LF SW,LC,2009-04,absent,0,inferred_no_record
LC LF SW,LC,2009-05,absent,0,inferred_no_record
LC LF SW,LC,2009-06,absent,0,inferred_no_record
LC LF SW,LC,2009-07,absent,0,inferred_no_record
LC LF SW,LC,2009-08,absent,0,inferred_no_record
LC LF SW,LC,2009-09,absent,0,inferred_no_record
LC LF SW,LC,2009-10,absent,0,inferred_no_record
LC LF SW,LC,2009-11,absent,0,inferred_no_record
LC LF SW,LC,2009-12,absent,0,inferred_no_record
LC LF SW,LC,2010-01,absent,0,inferred_no_record
LC LF SW,LC,2010-02,absent,0,inferred_no_record
LC LF SW,LC,2010-03,absent,0,inferred_no_record
LC LF SW,LC,2010-04,absent,0,inferred_no_record
LC LF SW,LC,2010-05,absent,0,inferred_no_record
LC LF SW,LC,2010-06,absent,0,inferred_no_record
LC LF SW,LC,2010-07,absent,0,inferred_no_record
LC LF SW,LC,2010-08,absent,0,inferred_no_record
LC LF SW,LC,2010-09,absent,0,inferred_no_record
LC LF SW,LC,2010-10,absent,0,inferred_no_record
LC LF SW,LC,2010-11,absent,0,inferred_no_record
LC LF SW,LC,2010-12,absent,0,inferred_no_record
LC LF SW,LC,2011-01,absent,0,inferred_no_record
LC LF SW,LC,2011-02,absent,0,inferred_no_record
LC LF SW,LC,2011-03,absent,0,inferred_no_record
LC LF SW,LC,2011-04,absent,0,inferred_no_record
LC LF SW,LC,2011-05,absent,0,inferred_no_record
LC LF SW,LC,2011-06,absent,0,inferred_no_record
LC LF SW,LC,2011-07,absent,0,inferred_no_record
LC LF SW,LC,2011-08,absent,0,inferred_no_record
LC LF SW,LC,2011-09,absent,0,inferred_no_record
LC LF SW,LC,2011-10,absent,0,inferred_no_record
LC LF SW,LC,2011-11,absent,0,inferred_no_record
LC LF SW,LC,2011-12,absent,0,inferred_no_record
LC LF SW,LC,2012-01,absent,0,inferred_no_record
LC LF SW,LC,2012-02,absent,0,inferred_no_record
LC LF SW,LC,2012-03,absent,0,inferred_no_record
LC LF SW,LC,2012-04,absent,0,inferred_no_record
LC LF SW,LC,2012-05,absent,0,inferred_no_record
LC LF SW,LC,2012-06,absent,0,inferred_no_record
LC LF SW,LC,2012-07,absent,0,inferred_no_record
LC LF SW,LC,2012-08,absent,0,inferred_no_record
LC LF SW,LC,2012-09,absent,0,inferred_no_record
LC LF SW,LC,2012-10,absent,0,inferred_no_record
LC LF SW,LC,2012-11,absent,0,inferred_no_record
LC LF SW,LC,2012-12,absent,0,inferred_no_record
LC LF SW,LC,2013-01,absent,0,inferred_no_record
LC LF SW,LC,2013-02,absent,0,inferred_no_record
LC LF SW,LC,2013-03,absent,0,inferred_no_record
LC LF SW,LC,2013-04,absent,0,inferred_no_record
LC LF SW,LC,2013-05,absent,0,inferred_no_record
LC LF SW,LC,2013-06,absent,0,inferred_no_record
LC LF SW,LC,2013-07,absent,0,inferred_no_record
LC LF SW,LC,2013-08,absent,0,inferred_no_record
LC LF SW,LC,2013-09,absent,0,inferred_no_record
LC LF SW,LC,2013-10,absent,0,inferred_no_record
LC LF SW,LC,2013-11,absent,0,inferred_no_record
LC LF SW,LC,2013-12,absent,0,inferred_no_record
LC LF SW,LC,2014-01,absent,0,inferred_no_record
LC LF SW,LC,2014-02,absent,0,inferred_no_record
LC LF SW,LC,2014-03,absent,0,inferred_no_record
LC LF SW,LC,2014-04,absent,0,inferred_no_record
LC LF SW,LC,2014-05,absent,0,inferred_no_record
LC LF SW,LC,2014-06,absent,0,inferred_no_record
LC LF SW,LC,2014-07,absent,0,inferred_no_record
LC LF SW,LC,2014-08,absent,0,inferred_no_record
LC LF SW,LC,2014-09,absent,0,inferred_no_record
LC LF SW,LC,2014-10,absent,0,inferred_no_record
LC LF SW,LC,2014-11,absent,0,inferred_no_record
LC LF SW,LC,2014-12,absent,0,inferred_no_record
LC LF SW,LC,2015-01,absent,0,inferred_no_record
LC LF SW,LC,2015-02,absent,0,inferred_no_record
LC LF SW,LC,2015-03,absent,0,inferred_no_record
LC LF SW,LC,2015-04,absent,0,inferred_no_record
LC LF SW,LC,2015-05,absent,0,inferred_no_record
LC LF SW,LC,2015-06,absent,0,inferred_no_record
LC LF SW,LC,2015-07,absent,0,inferred_no_record
LC LF SW,LC,2015-08,absent,0,inferred_no_record
LC LF SW,LC,2015-09,absent,0,inferred_no_record
LC LF SW,LC,2015-10,absent,0,inferred_no_record
LC LF SW,LC,2015-11,absent,0,inferred_no_record
LC LF SW,LC,2015-12,absent,0,inferred_no_record
LC LF SW,LC,2016-01,absent,0,inferred_no_record
LC LF SW,LC,2016-02,absent,0,inferred_no_record
LC LF SW,LC,2016-03,absent,0,inferred_no_record
LC LF SW,LC,2016-04,absent,0,inferred_no_record
LC LF SW,LC,2016-05,active,1,record
LC LF SW,LC,2016-06,active,1,record
LC LF SW,LC,2016-07,active,1,record
LC LF SW,LC,2016-08,active,1,record
LC LF SW,LC,2016-09,active,1,record
LC LF SW,LC,2016-10,active,1,record
LC LF SW,LC,2016-11,active,1,record
LC LF SW,LC,2016-12,active,1,record
LC LF SW,LC,2017-01,active,1,record
LC LF SW,LC,2017-02,active,1,record
LC LF SW,LC,2017-03,active,1,record
LC LF SW,LC,2017-04,active,1,record
LC LF SW,LC,2017-05,active,1,record
LC LF SW,LC,2017-06,active,1,record
LC LF SW,LC,2017-07,active,1,record
LC LF SW,LC,2017-08,active,1,record
LC LF SW,LC,2017-09,active,1,record
LC LF SW,LC,2017-10,active,1,record
LC LF SW,LC,2017-11,active,1,record
LC LF SW,LC,2017-12,active,1,record
LC LF SW,LC,2018-01,active,1,record
LC LF SW,LC,2018-02,active,1,record
LC LF SW,LC,2018-03,active,1,record
LC LF SW,LC,2018-04,active,1,record
LC LF SW,LC,2018-05,active,1,record
LC LF SW,LC,2018-06,active,1,record
LC LF SW,LC,2018-07,active,1,record
LC LF SW,LC,2018-08,active,1,record
LC LF SW,LC,2018-09,active,1,record
LC LF SW,LC,2018-10,active,1,record
LC LF SW,LC,2018-11,active,1,record
LC LF SW,LC,2018-12,active,1,record
LC LF SW,LC,2019-01,active,1,record
LC LF SW,LC,2019-02,active,1,record
LC LF SW,LC,2019-03,active,1,record
LC LF SW,LC,2019-04,silent,0,record
LC LF SW,LC,2019-05,silent,0,record
LC LF SW,LC,2019-06,active,1,record
LC LF SW,LC,2019-07,silent,0,record
LC LF SW,LC,2019-08,silent,0,record
LC LF SW,LC,2019-09,silent,0,record
LC LF SW,LC,2019-10,active,1,record
LC LF SW,LC,2019-11,silent,0,record
LC LF SW,LC,2019-12,active,1,record
LC LF SW,LC,2020-01,active,1,record
LC LF SW,LC,2020-02,active,1,record
LC LF SW,LC,2020-03,active,1,record
LC LF SW,LC,2020-04,active,1,record
LC LF SW,LC,2020-05,silent,0,record
LC LF SW,LC,2020-06,silent,0,record
LC LF SW,LC,2020-07,silent,0,record
LC LF SW,LC,2020-08,silent,0,record
LC LF SW,LC,2020-09,active,1,record
LC LF SW,LC,2020-10,active,1,record
LC LF SW,LC,2020-11,silent,0,record
LC LF SW,LC,2020-12,silent,0,record
LC LF SW,LC,2021-01,active,1,record
LC LF SW,LC,2021-02,active,1,record
LC LF SW,LC,2021-03,active,1,record
LC LF SW,LC,2021-04,active,1,record
LC LF SW,LC,2021-05,active,1,record
LC LF SW,LC,2021-06,silent,0,record
LC LF SW,LC,2021-07,silent,0,record
LC LF SW,LC,2021-08,active,1,record
LC LF SW,LC,2021-09,silent,0,record
LC LF SW,LC,2021-10,active,1,record
LC LF SW,LC,2021-11,silent,0,record
LC LF SW,LC,2021-12,silent,0,record
LC LF SW,LC,2022-01,active,1,record
LC LF SW,LC,2022-02,active,1,record
LC LF SW,LC,2022-03,active,1,record
LC LF SW,LC,2022-04,silent,0,record
LC LF SW,LC,2022-05,silent,0,record
LC LF SW,LC,2022-06,silent,0,record
LC LF SW,LC,2022-07,silent,0,record
LC LF SW,LC,2022-08,silent,0,record
LC LF SW,LC,2022-09,silent,0,record
LC LF SW,LC,2022-10,active,1,record
LC LF SW,LC,2022-11,silent,0,record
LC LF SW,LC,2022-12,silent,0,record
LC LF SW,LC,2023-01,silent,0,record
LC LF SW,LC,2023-02,silent,0,record
LC LF SW,LC,2023-03,silent,0,record
LC LF SW,LC,2023-04,silent,0,record
LC LF SW,LC,2023-05,silent,0,record
LC LF SW,LC,2023-06,silent,0,record
LC LF SW,LC,2023-07,silent,0,record
LC LF SW,LC,2023-08,silent,0,record
LC LF SW,LC,2023-09,silent,0,record
LC LF SW,LC,2023-10,silent,0,record
LC LF SW,LC,2023-11,silent,0,record
LC LF SW,LC,2023-12,silent,0,record
LC LF SW,LC,2024-01,silent,0,record
LC LF SW,LC,2024-02,silent,0,record
LC LF SW,LC,2024-03,silent,0,record
LC LF SW,LC,2024-04,silent,0,record
LC LF SW,LC,2024-05,silent,0,record
LC LF SW,LC,2024-06,silent,0,record
LC LF SW,LC,2024-07,silent,0,record
LC LF SW,LC,2024-08,silent,0,record
LC LF SW,LC,2024-09,silent,0,record
LC LF SW,LC,2024-10,silent,0,record
LC LF SW,LC,2024-11,silent,0,record
LC LF SW,LC,2024-12,silent,0,record
LC LF SW,LC,2025-01,silent,0,record
LC LF SW,LC,2025-02,absent,0,inferred_no_record
LC LF SW,LC,2025-03,absent,0,inferred_no_record
LC LF SW,LC,2025-04,absent,0,inferred_no_record
LC LF SW,LC,2025-05,absent,0,inferred_no_record
LC LF SW,LC,2025-06,absent,0,inferred_no_record
LC LF SW,LC,2025-07,absent,0,inferred_no_record
LC LF SW,LC,2025-08,absent,0,inferred_no_record
LC LF SW,LC,2025-09,absent,0,inferred_no_record
LC LF SW,LC,2025-10,absent,0,inferred_no_record
LC LF SW,LC,2025-11,absent,0,inferred_no_record
LC LF SW,LC,2025-12,absent,0,inferred_no_record
LC REC 1,LC,2005-01,active,1,record
LC REC 1,LC,2005-02,active,1,record
LC REC 1,LC,2005-03,active,1,record
LC REC 1,LC,2005-04,active,1,record
LC REC 1,LC,2005-05,silent,0,record
LC REC 1,LC,2005-06,silent,0,record
LC REC 1,LC,2005-07,silent,0,record
LC REC 1,LC,2005-08,silent,0,record
LC REC 1,LC,2005-09,active,1,record
LC REC 1,LC,2005-10,silent,0,record
LC REC 1,LC,2005-11,silent,0,record
LC REC 1,LC,2005-12,silent,0,record
LC REC 1,LC,2006-01,active,1,record
LC REC 1,LC,2006-02,active,1,record
LC REC 1,LC,2006-03,active,1,record
LC REC 1,LC,2006-04,silent,0,record
LC REC 1,LC,2006-05,active,1,record
LC REC 1,LC,2006-06,silent,0,record
LC REC 1,LC,2006-07,silent,0,record
LC REC 1,LC,2006-08,silent,0,record
LC REC 1,LC,2006-09,active,1,record
LC REC 1,LC,2006-10,silent,0,record
LC REC 1,LC,2006-11,silent,0,record
LC REC 1,LC,2006-12,silent,0,record
LC REC 1,LC,2007-01,active,1,record
LC REC 1,LC,2007-02,active,1,record
LC REC 1,LC,2007-03,active,1,record
LC REC 1,LC,2007-04,silent,0,record
LC REC 1,LC,2007-05,silent,0,record
LC REC 1,LC,2007-06,silent,0,record
LC REC 1,LC,2007-07,silent,0,record
LC REC 1,LC,2007-08,silent,0,record
LC REC 1,LC,2007-09,silent,0,record
LC REC 1,LC,2007-10,silent,0,record
LC REC 1,LC,2007-11,silent,0,record
LC REC 1,LC,2007-12,silent,0,record
LC REC 1,LC,2008-01,active,1,record
LC REC 1,LC,2008-02,active,1,record
LC REC 1,LC,2008-03,active,1,record
LC REC 1,LC,2008-04,silent,0,record
LC REC 1,LC,2008-05,silent,0,record
LC REC 1,LC,2008-06,silent,0,download_header
LC REC 1,LC,2008-07,silent,0,download_header
LC REC 1,LC,2008-08,silent,0,download_header
LC REC 1,LC,2008-09,silent,0,download_header
LC REC 1,LC,2008-10,silent,0,download_header
LC REC 1,LC,2008-11,silent,0,download_header
LC REC 1,LC,2008-12,silent,0,download_header
LC REC 1,LC,2009-01,silent,0,download_header
LC REC 1,LC,2009-02,silent,0,download_header
LC REC 1,LC,2009-03,silent,0,download_header
LC REC 1,LC,2009-04,silent,0,download_header
LC REC 1,LC,2009-05,silent,0,download_header
LC REC 1,LC,2009-06,silent,0,download_header
LC REC 1,LC,2009-07,silent,0,download_header
LC REC 1,LC,2009-08,silent,0,record
LC REC 1,LC,2009-09,silent,0,record
LC REC 1,LC,2009-10,silent,0,record
LC REC 1,LC,2009-11,silent,0,record
LC REC 1,LC,2009-12,silent,0,record
LC REC 1,LC,2010-01,silent,0,record
LC REC 1,LC,2010-02,silent,0,record
LC REC 1,LC,2010-03,silent,0,record
LC REC 1,LC,2010-04,silent,0,record
LC REC 1,LC,2010-05,silent,0,record
LC REC 1,LC,2010-06,silent,0,record
LC REC 1,LC,2010-07,silent,0,record
LC REC 1,LC,2010-08,silent,0,record
LC REC 1,LC,2010-09,silent,0,record
LC REC 1,LC,2010-10,active,1,record
LC REC 1,LC,2010-11,silent,0,record
LC REC 1,LC,2010-12,silent,0,record
LC REC 1,LC,2011-01,silent,0,record
LC REC 1,LC,2011-02,silent,0,record
LC REC 1,LC,2011-03,silent,0,record
LC REC 1,LC,2011-04,silent,0,record
LC REC 1,LC,2011-05,silent,0,record
LC REC 1,LC,2011-06,silent,0,record
LC REC 1,LC,2011-07,active,1,record
LC REC 1,LC,2011-08,silent,0,record
LC REC 1,LC,2011-09,silent,0,record
LC REC 1,LC,2011-10,silent,0,record
LC REC 1,LC,2011-11,silent,0,record
LC REC 1,LC,2011-12,silent,0,record
LC REC 1,LC,2012-01,silent,0,record
LC REC 1,LC,2012-02,silent,0,record
LC REC 1,LC,2012-03,silent,0,record
LC REC 1,LC,2012-04,silent,0,record
LC REC 1,LC,2012-05,silent,0,record
LC REC 1,LC,2012-06,silent,0,record
LC REC 1,LC,2012-07,silent,0,record
LC REC 1,LC,2012-08,silent,0,record
LC REC 1,LC,2012-09,silent,0,record
LC REC 1,LC,2012-10,silent,0,record
LC REC 1,LC,2012-11,silent,0,record
LC REC 1,LC,2012-12,silent,0,record
LC REC 1,LC,2013-01,silent,0,record
LC REC 1,LC,2013-02,silent,0,record
LC REC 1,LC,2013-03,silent,0,record
LC REC 1,LC,2013-04,silent,0,record
LC REC 1,LC,2013-05,silent,0,record
LC REC 1,LC,2013-06,active,1,record
LC REC 1,LC,2013-07,silent,0,record
LC REC 1,LC,2013-08,silent,0,record
LC REC 1,LC,2013-09,silent,0,record
LC REC 1,LC,2013-10,silent,0,record
LC REC 1,LC,2013-11,silent,0,record
LC REC 1,LC,2013-12,silent,0,record
LC REC 1,LC,2014-01,silent,0,record
LC REC 1,LC,2014-02,silent,0,record
LC REC 1,LC,2014-03,silent,0,record
LC REC 1,LC,2014-04,active,1,record
LC REC 1,LC,2014-05,active,1,record
LC REC 1,LC,2014-06,active,1,record
LC REC 1,LC,2014-07,active,1,record
LC REC 1,LC,2014-08,silent,0,record
LC REC 1,LC,2014-09,active,1,record
LC REC 1,LC,2014-10,silent,0,record
LC REC 1,LC,2014-11,silent,0,record
LC REC 1,LC,2014-12,silent,0,record
LC REC 1,LC,2015-01,silent,0,record
LC REC 1,LC,2015-02,active,1,record
LC REC 1,LC,2015-03,active,1,record
LC REC 1,LC,2015-04,active,1,record
LC REC 1,LC,2015-05,active,1,record
LC REC 1,LC,2015-06,active,1,record
LC REC 1,LC,2015-07,active,1,record
LC REC 1,LC,2015-08,active,1,record
LC REC 1,LC,2015-09,active,1,record
LC REC 1,LC,2015-10,active,1,record
LC REC 1,LC,2015-11,active,1,record
LC REC 1,LC,2015-12,active,1,record
LC REC 1,LC,2016-01,active,1,record
LC REC 1,LC,2016-02,active,1,record
LC REC 1,LC,2016-03,active,1,record
LC REC 1,LC,2016-04,active,1,record
LC REC 1,LC,2016-05,active,1,record
LC REC 1,LC,2016-06,active,1,record
LC REC 1,LC,2016-07,active,1,record
LC REC 1,LC,2016-08,silent,0,record
LC REC 1,LC,2016-09,silent,0,record
LC REC 1,LC,2016-10,silent,0,record
LC REC 1,LC,2016-11,silent,0,record
LC REC 1,LC,2016-12,silent,0,record
LC REC 1,LC,2017-01,active,1,record
LC REC 1,LC,2017-02,active,1,record
LC REC 1,LC,2017-03,active,1,record
LC REC 1,LC,2017-04,active,1,record
LC REC 1,LC,2017-05,active,1,record
LC REC 1,LC,2017-06,active,1,record
LC REC 1,LC,2017-07,active,1,record
LC REC 1,LC,2017-08,active,1,record
LC REC 1,LC,2017-09,active,1,record
LC REC 1,LC,2017-10,active,1,record
LC REC 1,LC,2017-11,active,1,record
LC REC 1,LC,2017-12,active,1,record
LC REC 1,LC,2018-01,active,1,record
LC REC 1,LC,2018-02,active,1,record
LC REC 1,LC,2018-03,active,1,record
LC REC 1,LC,2018-04,active,1,record
LC REC 1,LC,2018-05,active,1,record
LC REC 1,LC,2018-06,active,1,record
LC REC 1,LC,2018-07,active,1,record
LC REC 1,LC,2018-08,active,1,record
LC REC 1,LC,2018-09,active,1,record
LC REC 1,LC,2018-10,active,1,record
LC REC 1,LC,2018-11,active,1,record
LC REC 1,LC,2018-12,active,1,record
LC REC 1,LC,2019-01,active,1,record
LC REC 1,LC,2019-02,active,1,record
LC REC 1,LC,2019-03,active,1,record
LC REC 1,LC,2019-04,active,1,record
LC REC 1,LC,2019-05,active,1,record
LC REC 1,LC,2019-06,active,1,record
LC REC 1,LC,2019-07,active,1,record
LC REC 1,LC,2019-08,active,1,record
LC REC 1,LC,2019-09,active,1,record
LC REC 1,LC,2019-10,active,1,record
LC REC 1,LC,2019-11,active,1,record
LC REC 1,LC,2019-12,active,1,record
LC REC 1,LC,2020-01,active,1,record
LC REC 1,LC,2020-02,silent,0,record
LC REC 1,LC,2020-03,silent,0,record
LC REC 1,LC,2020-04,silent,0,record
LC REC 1,LC,2020-05,silent,0,record
LC REC 1,LC,2020-06,silent,0,record
LC REC 1,LC,2020-07,silent,0,record
LC REC 1,LC,2020-08,silent,0,record
LC REC 1,LC,2020-09,silent,0,record
LC REC 1,LC,2020-10,active,1,record
LC REC 1,LC,2020-11,active,1,record
LC REC 1,LC,2020-12,active,1,record
LC REC 1,LC,2021-01,active,1,record
LC REC 1,LC,2021-02,active,1,record
LC REC 1,LC,2021-03,active,1,record
LC REC 1,LC,2021-04,active,1,record
LC REC 1,LC,2021-05,active,1,record
LC REC 1,LC,2021-06,active,1,record
LC REC 1,LC,2021-07,active,1,record
LC REC 1,LC,2021-08,active,1,record
LC REC 1,LC,2021-09,active,1,record
LC REC 1,LC,2021-10,active,1,record
LC REC 1,LC,2021-11,absent,0,record
LC REC 1,LC,2021-12,absent,0,record
LC REC 1,LC,2022-01,absent,0,record
LC REC 1,LC,2022-02,absent,0,record
LC REC 1,LC,2022-03,absent,0,record
LC REC 1,LC,2022-04,absent,0,record
LC REC 1,LC,2022-05,absent,0,record
LC REC 1,LC,2022-06,absent,0,record
LC REC 1,LC,2022-07,absent,0,record
LC REC 1,LC,2022-08,absent,0,record
LC REC 1,LC,2022-09,absent,0,record
LC REC 1,LC,2022-10,active,1,record
LC REC 1,LC,2022-11,active,1,record
LC REC 1,LC,2022-12,active,1,record
LC REC 1,LC,2023-01,active,1,record
LC REC 1,LC,2023-02,active,1,record
LC REC 1,LC,2023-03,active,1,record
LC REC 1,LC,2023-04,active,1,record
LC REC 1,LC,2023-05,active,1,record
LC REC 1,LC,2023-06,active,1,record
LC REC 1,LC,2023-07,active,1,record
LC REC 1,LC,2023-08,active,1,record
LC REC 1,LC,2023-09,active,1,record
LC REC 1,LC,2023-10,active,1,record
LC REC 1,LC,2023-11,active,1,record
LC REC 1,LC,2023-12,active,1,record
LC REC 1,LC,2024-01,active,1,record
LC REC 1,LC,2024-02,active,1,record
LC REC 1,LC,2024-03,active,1,record
LC REC 1,LC,2024-04,active,1,record
LC REC 1,LC,2024-05,active,1,record
LC REC 1,LC,2024-06,active,1,record
LC REC 1,LC,2024-07,active,1,record
LC REC 1,LC,2024-08,active,1,record
LC REC 1,LC,2024-09,active,1,record
LC REC 1,LC,2024-10,active,1,record
LC REC 1,LC,2024-11,silent,0,record
LC REC 1,LC,2024-12,silent,0,record
LC REC 1,LC,2025-01,silent,0,record
LC REC 1,LC,2025-02,silent,0,record
LC REC 1,LC,2025-03,silent,0,record
LC REC 1,LC,2025-04,silent,0,record
LC REC 1,LC,2025-05,silent,0,record
LC REC 1,LC,2025-06,silent,0,record
LC REC 1,LC,2025-07,silent,0,record
LC REC 1,LC,2025-08,silent,0,record
LC REC 1,LC,2025-09,silent,0,record
LC REC 1,LC,2025-10,absent,0,inferred_no_record
LC REC 1,LC,2025-11,absent,0,inferred_no_record
LC REC 1,LC,2025-12,absent,0,inferred_no_record
LC REC 10,LC,2005-01,active,1,record
LC REC 10,LC,2005-02,active,1,record
LC REC 10,LC,2005-03,active,1,record
LC REC 10,LC,2005-04,active,1,record
LC REC 10,LC,2005-05,active,1,record
LC REC 10,LC,2005-06,active,1,record
LC REC 10,LC,2005-07,active,1,record
LC REC 10,LC,2005-08,active,1,record
LC REC 10,LC,2005-09,active,1,record
LC REC 10,LC,2005-10,active,1,record
LC REC 10,LC,2005-11,active,1,record
LC REC 10,LC,2005-12,active,1,record
LC REC 10,LC,2006-01,active,1,record
LC REC 10,LC,2006-02,active,1,record
LC REC 10,LC,2006-03,active,1,record
LC REC 10,LC,2006-04,active,1,record
LC REC 10,LC,2006-05,active,1,record
LC REC 10,LC,2006-06,active,1,record
LC REC 10,LC,2006-07,active,1,record
LC REC 10,LC,2006-08,active,1,record
LC REC 10,LC,2006-09,active,1,record
LC REC 10,LC,2006-10,active,1,record
LC REC 10,LC,2006-11,silent,0,record
LC REC 10,LC,2006-12,active,1,record
LC REC 10,LC,2007-01,active,1,record
LC REC 10,LC,2007-02,active,1,record
LC REC 10,LC,2007-03,silent,0,download_header
LC REC 10,LC,2007-04,silent,0,download_header
LC REC 10,LC,2007-05,silent,0,download_header
LC REC 10,LC,2007-06,silent,0,download_header
LC REC 10,LC,2007-07,silent,0,download_header
LC REC 10,LC,2007-08,silent,0,download_header
LC REC 10,LC,2007-09,silent,0,download_header
LC REC 10,LC,2007-10,silent,0,download_header
LC REC 10,LC,2007-11,silent,0,download_header
LC REC 10,LC,2007-12,silent,0,download_header
LC REC 10,LC,2008-01,silent,0,download_header
LC REC 10,LC,2008-02,silent,0,download_header
LC REC 10,LC,2008-03,silent,0,download_header
LC REC 10,LC,2008-04,silent,0,download_header
LC REC 10,LC,2008-05,silent,0,download_header
LC REC 10,LC,2008-06,silent,0,download_header
LC REC 10,LC,2008-07,silent,0,download_header
LC REC 10,LC,2008-08,silent,0,download_header
LC REC 10,LC,2008-09,silent,0,download_header
LC REC 10,LC,2008-10,silent,0,download_header
LC REC 10,LC,2008-11,silent,0,download_header
LC REC 10,LC,2008-12,silent,0,download_header
LC REC 10,LC,2009-01,silent,0,download_header
LC REC 10,LC,2009-02,silent,0,download_header
LC REC 10,LC,2009-03,silent,0,download_header
LC REC 10,LC,2009-04,silent,0,download_header
LC REC 10,LC,2009-05,silent,0,download_header
LC REC 10,LC,2009-06,silent,0,download_header
LC REC 10,LC,2009-07,silent,0,download_header
LC REC 10,LC,2009-08,silent,0,download_header
LC REC 10,LC,2009-09,silent,0,download_header
LC REC 10,LC,2009-10,silent,0,download_header
LC REC 10,LC,2009-11,silent,0,download_header
LC REC 10,LC,2009-12,silent,0,download_header
LC REC 10,LC,2010-01,silent,0,download_header
LC REC 10,LC,2010-02,silent,0,download_header
LC REC 10,LC,2010-03,silent,0,download_header
LC REC 10,LC,2010-04,silent,0,download_header
LC REC 10,LC,2010-05,silent,0,download_header
LC REC 10,LC,2010-06,silent,0,download_header
LC REC 10,LC,2010-07,silent,0,download_header
LC REC 10,LC,2010-08,silent,0,download_header
LC REC 10,LC,2010-09,silent,0,download_header
LC REC 10,LC,2010-10,silent,0,download_header
LC REC 10,LC,2010-11,silent,0,record
LC REC 10,LC,2010-12,silent,0,record
LC REC 10,LC,2011-01,silent,0,record
LC REC 10,LC,2011-02,silent,0,record
LC REC 10,LC,2011-03,silent,0,record
LC REC 10,LC,2011-04,silent,0,record
LC REC 10,LC,2011-05,silent,0,record
LC REC 10,LC,2011-06,silent,0,record
LC REC 10,LC,2011-07,silent,0,record
LC REC 10,LC,2011-08,active,1,record
LC REC 10,LC,2011-09,silent,0,record
LC REC 10,LC,2011-10,silent,0,record
LC REC 10,LC,2011-11,silent,0,record
LC REC 10,LC,2011-12,silent,0,record
LC REC 10,LC,2012-01,silent,0,record
LC REC 10,LC,2012-02,silent,0,record
LC REC 10,LC,2012-03,silent,0,record
LC REC 10,LC,2012-04,silent,0,record
LC REC 10,LC,2012-05,silent,0,record
LC REC 10,LC,2012-06,silent,0,record
LC REC 10,LC,2012-07,silent,0,record
LC REC 10,LC,2012-08,silent,0,record
LC REC 10,LC,2012-09,silent,0,record
LC REC 10,LC,2012-10,silent,0,record
LC REC 10,LC,2012-11,silent,0,record
LC REC 10,LC,2012-12,silent,0,record
LC REC 10,LC,2013-01,silent,0,record
LC REC 10,LC,2013-02,silent,0,record
LC REC 10,LC,2013-03,silent,0,record
LC REC 10,LC,2013-04,silent,0,record
LC REC 10,LC,2013-05,silent,0,record
LC REC 10,LC,2013-06,silent,0,record
LC REC 10,LC,2013-07,active,1,record
LC REC 10,LC,2013-08,active,1,record
LC REC 10,LC,2013-09,silent,0,record
LC REC 10,LC,2013-10,silent,0,record
LC REC 10,LC,2013-11,silent,0,record
LC REC 10,LC,2013-12,active,1,record
LC REC 10,LC,2014-01,silent,0,record
LC REC 10,LC,2014-02,active,1,record
LC REC 10,LC,2014-03,active,1,record
LC REC 10,LC,2014-04,active,1,record
LC REC 10,LC,2014-05,active,1,record
LC REC 10,LC,2014-06,active,1,record
LC REC 10,LC,2014-07,active,1,record
LC REC 10,LC,2014-08,active,1,record
LC REC 10,LC,2014-09,active,1,record
LC REC 10,LC,2014-10,active,1,record
LC REC 10,LC,2014-11,active,1,record
LC REC 10,LC,2014-12,active,1,record
LC REC 10,LC,2015-01,active,1,record
LC REC 10,LC,2015-02,active,1,record
LC REC 10,LC,2015-03,active,1,record
LC REC 10,LC,2015-04,active,1,record
LC REC 10,LC,2015-05,active,1,record
LC REC 10,LC,2015-06,active,1,record
LC REC 10,LC,2015-07,active,1,record
LC REC 10,LC,2015-08,active,1,record
LC REC 10,LC,2015-09,silent,0,record
LC REC 10,LC,2015-10,silent,0,record
LC REC 10,LC,2015-11,silent,0,record
LC REC 10,LC,2015-12,silent,0,record
LC REC 10,LC,2016-01,active,1,record
LC REC 10,LC,2016-02,silent,0,record
LC REC 10,LC,2016-03,silent,0,record
LC REC 10,LC,2016-04,silent,0,record
LC REC 10,LC,2016-05,silent,0,record
LC REC 10,LC,2016-06,silent,0,record
LC REC 10,LC,2016-07,active,1,record
LC REC 10,LC,2016-08,active,1,record
LC REC 10,LC,2016-09,silent,0,record
LC REC 10,LC,2016-10,silent,0,record
LC REC 10,LC,2016-11,silent,0,record
LC REC 10,LC,2016-12,silent,0,record
LC REC 10,LC,2017-01,active,1,record
LC REC 10,LC,2017-02,active,1,record
LC REC 10,LC,2017-03,active,1,record
LC REC 10,LC,2017-04,silent,0,record
LC REC 10,LC,2017-05,silent,0,record
LC REC 10,LC,2017-06,silent,0,record
LC REC 10,LC,2017-07,active,1,record
LC REC 10,LC,2017-08,active,1,record
LC REC 10,LC,2017-09,silent,0,record
LC REC 10,LC,2017-10,active,1,record
LC REC 10,LC,2017-11,active,1,record
LC REC 10,LC,2017-12,active,1,record
LC REC 10,LC,2018-01,active,1,record
LC REC 10,LC,2018-02,active,1,record
LC REC 10,LC,2018-03,active,1,record
LC REC 10,LC,2018-04,active,1,record
LC REC 10,LC,2018-05,active,1,record
LC REC 10,LC,2018-06,active,1,record
LC REC 10,LC,2018-07,active,1,record
LC REC 10,LC,2018-08,silent,0,record
LC REC 10,LC,2018-09,silent,0,record
LC REC 10,LC,2018-10,active,1,record
LC REC 10,LC,2018-11,silent,0,record
LC REC 10,LC,2018-12,silent,0,record
LC REC 10,LC,2019-01,silent,0,record
LC REC 10,LC,2019-02,active,1,record
LC REC 10,LC,2019-03,active,1,record
LC REC 10,LC,2019-04,active,1,record
LC REC 10,LC,2019-05,silent,0,record
LC REC 10,LC,2019-06,active,1,record
LC REC 10,LC,2019-07,active,1,record
LC REC 10,LC,2019-08,silent,0,record
LC REC 10,LC,2019-09,silent,0,record
LC REC 10,LC,2019-10,active,1,record
LC REC 10,LC,2019-11,silent,0,record
LC REC 10,LC,2019-12,silent,0,record
LC REC 10,LC,2020-01,silent,0,record
LC REC 10,LC,2020-02,active,1,record
LC REC 10,LC,2020-03,silent,0,record
LC REC 10,LC,2020-04,silent,0,record
LC REC 10,LC,2020-05,silent,0,record
LC REC 10,LC,2020-06,silent,0,record
LC REC 10,LC,2020-07,silent,0,record
LC REC 10,LC,2020-08,silent,0,record
LC REC 10,LC,2020-09,silent,0,record
LC REC 10,LC,2020-10,silent,0,record
LC REC 10,LC,2020-11,silent,0,record
LC REC 10,LC,2020-12,silent,0,record
LC REC 10,LC,2021-01,active,1,record
LC REC 10,LC,2021-02,active,1,record
LC REC 10,LC,2021-03,active,1,record
LC REC 10,LC,2021-04,silent,0,record
LC REC 10,LC,2021-05,silent,0,record
LC REC 10,LC,2021-06,silent,0,record
LC REC 10,LC,2021-07,silent,0,record
LC REC 10,LC,2021-08,silent,0,record
LC REC 10,LC,2021-09,silent,0,record
LC REC 10,LC,2021-10,active,1,record
LC REC 10,LC,2021-11,silent,0,record
LC REC 10,LC,2021-12,silent,0,record
LC REC 10,LC,2022-01,active,1,record
LC REC 10,LC,2022-02,active,1,record
LC REC 10,LC,2022-03,active,1,record
LC REC 10,LC,2022-04,silent,0,record
LC REC 10,LC,2022-05,silent,0,record
LC REC 10,LC,2022-06,silent,0,record
LC REC 10,LC,2022-07,silent,0,record
LC REC 10,LC,2022-08,silent,0,record
LC REC 10,LC,2022-09,silent,0,record
LC REC 10,LC,2022-10,active,1,record
LC REC 10,LC,2022-11,silent,0,record
LC REC 10,LC,2022-12,silent,0,record
LC REC 10,LC,2023-01,active,1,record
LC REC 10,LC,2023-02,silent,0,record
LC REC 10,LC,2023-03,silent,0,record
LC REC 10,LC,2023-04,silent,0,record
LC REC 10,LC,2023-05,silent,0,record
LC REC 10,LC,2023-06,silent,0,record
LC REC 10,LC,2023-07,silent,0,record
LC REC 10,LC,2023-08,silent,0,record
LC REC 10,LC,2023-09,silent,0,record
LC REC 10,LC,2023-10,silent,0,record
LC REC 10,LC,2023-11,silent,0,record
LC REC 10,LC,2023-12,silent,0,record
LC REC 10,LC,2024-01,silent,0,record
LC REC 10,LC,2024-02,silent,0,record
LC REC 10,LC,2024-03,silent,0,record
LC REC 10,LC,2024-04,silent,0,record
LC REC 10,LC,2024-05,silent,0,record
LC REC 10,LC,2024-06,silent,0,record
LC REC 10,LC,2024-07,silent,0,record
LC REC 10,LC,2024-08,silent,0,record
LC REC 10,LC,2024-09,silent,0,record
LC REC 10,LC,2024-10,silent,0,record
LC REC 10,LC,2024-11,silent,0,record
LC REC 10,LC,2024-12,silent,0,record
LC REC 10,LC,2025-01,silent,0,record
LC REC 10,LC,2025-02,absent,0,inferred_no_record
LC REC 10,LC,2025-03,absent,0,inferred_no_record
LC REC 10,LC,2025-04,absent,0,inferred_no_record
LC REC 10,LC,2025-05,absent,0,inferred_no_record
LC REC 10,LC,2025-06,absent,0,inferred_no_record
LC REC 10,LC,2025-07,absent,0,inferred_no_record
LC REC 10,LC,2025-08,absent,0,inferred_no_record
LC REC 10,LC,2025-09,absent,0,inferred_no_record
LC REC 10,LC,2025-10,absent,0,inferred_no_record
LC REC 10,LC,2025-11,absent,0,inferred_no_record
LC REC 10,LC,2025-12,absent,0,inferred_no_record
LC REC 11,LC,2005-01,active,1,record
LC REC 11,LC,2005-02,active,1,record
LC REC 11,LC,2005-03,active,1,record
LC REC 11,LC,2005-04,active,1,record
LC REC 11,LC,2005-05,silent,0,record
LC REC 11,LC,2005-06,silent,0,record
LC REC 11,LC,2005-07,silent,0,record
LC REC 11,LC,2005-08,silent,0,record
LC REC 11,LC,2005-09,active,1,record
LC REC 11,LC,2005-10,active,1,record
LC REC 11,LC,2005-11,active,1,record
LC REC 11,LC,2005-12,active,1,record
LC REC 11,LC,2006-01,active,1,record
LC REC 11,LC,2006-02,active,1,record
LC REC 11,LC,2006-03,active,1,record
LC REC 11,LC,2006-04,silent,0,record
LC REC 11,LC,2006-05,silent,0,record
LC REC 11,LC,2006-06,silent,0,record
LC REC 11,LC,2006-07,silent,0,record
LC REC 11,LC,2006-08,silent,0,record
LC REC 11,LC,2006-09,active,1,record
LC REC 11,LC,2006-10,active,1,record
LC REC 11,LC,2006-11,silent,0,record
LC REC 11,LC,2006-12,silent,0,record
LC REC 11,LC,2007-01,active,1,record
LC REC 11,LC,2007-02,active,1,record
LC REC 11,LC,2007-03,active,1,record
LC REC 11,LC,2007-04,silent,0,record
LC REC 11,LC,2007-05,silent,0,record
LC REC 11,LC,2007-06,silent,0,record
LC REC 11,LC,2007-07,silent,0,record
LC REC 11,LC,2007-08,silent,0,record
LC REC 11,LC,2007-09,silent,0,record
LC REC 11,LC,2007-10,silent,0,record
LC REC 11,LC,2007-11,silent,0,record
LC REC 11,LC,2007-12,silent,0,record
LC REC 11,LC,2008-01,active,1,record
LC REC 11,LC,2008-02,silent,0,record
LC REC 11,LC,2008-03,silent,0,record
LC REC 11,LC,2008-04,silent,0,record
LC REC 11,LC,2008-05,silent,0,record
LC REC 11,LC,2008-06,silent,0,record
LC REC 11,LC,2008-07,silent,0,record
LC REC 11,LC,2008-08,silent,0,record
LC REC 11,LC,2008-09,silent,0,record
LC REC 11,LC,2008-10,silent,0,record
LC REC 11,LC,2008-11,silent,0,record
LC REC 11,LC,2008-12,silent,0,record
LC REC 11,LC,2009-01,silent,0,record
LC REC 11,LC,2009-02,silent,0,record
LC REC 11,LC,2009-03,silent,0,record
LC REC 11,LC,2009-04,silent,0,record
LC REC 11,LC,2009-05,silent,0,record
LC REC 11,LC,2009-06,silent,0,record
LC REC 11,LC,2009-07,silent,0,record
LC REC 11,LC,2009-08,silent,0,record
LC REC 11,LC,2009-09,silent,0,record
LC REC 11,LC,2009-10,silent,0,record
LC REC 11,LC,2009-11,silent,0,record
LC REC 11,LC,2009-12,silent,0,record
LC REC 11,LC,2010-01,silent,0,record
LC REC 11,LC,2010-02,silent,0,record
LC REC 11,LC,2010-03,silent,0,record
LC REC 11,LC,2010-04,silent,0,record
LC REC 11,LC,2010-05,silent,0,record
LC REC 11,LC,2010-06,silent,0,record
LC REC 11,LC,2010-07,silent,0,record
LC REC 11,LC,2010-08,silent,0,record
LC REC 11,LC,2010-09,silent,0,record
LC REC 11,LC,2010-10,active,1,record
LC REC 11,LC,2010-11,silent,0,record
LC REC 11,LC,2010-12,silent,0,record
LC REC 11,LC,2011-01,silent,0,record
LC REC 11,LC,2011-02,silent,0,record
LC REC 11,LC,2011-03,silent,0,record
LC REC 11,LC,2011-04,silent,0,record
LC REC 11,LC,2011-05,silent,0,record
LC REC 11,LC,2011-06,silent,0,record
LC REC 11,LC,2011-07,active,1,record
LC REC 11,LC,2011-08,active,1,record
LC REC 11,LC,2011-09,silent,0,record
LC REC 11,LC,2011-10,silent,0,record
LC REC 11,LC,2011-11,silent,0,record
LC REC 11,LC,2011-12,silent,0,record
LC REC 11,LC,2012-01,silent,0,record
LC REC 11,LC,2012-02,silent,0,record
LC REC 11,LC,2012-03,silent,0,record
LC REC 11,LC,2012-04,silent,0,record
LC REC 11,LC,2012-05,silent,0,record
LC REC 11,LC,2012-06,silent,0,record
LC REC 11,LC,2012-07,silent,0,record
LC REC 11,LC,2012-08,silent,0,record
LC REC 11,LC,2012-09,silent,0,record
LC REC 11,LC,2012-10,silent,0,record
LC REC 11,LC,2012-11,silent,0,record
LC REC 11,LC,2012-12,silent,0,record
LC REC 11,LC,2013-01,silent,0,record
LC REC 11,LC,2013-02,silent,0,record
LC REC 11,LC,2013-03,silent,0,record
LC REC 11,LC,2013-04,silent,0,record
LC REC 11,LC,2013-05,silent,0,record
LC REC 11,LC,2013-06,active,1,record
LC REC 11,LC,2013-07,active,1,record
LC REC 11,LC,2013-08,active,1,record
LC REC 11,LC,2013-09,active,1,record
LC REC 11,LC,2013-10,active,1,record
LC REC 11,LC,2013-11,active,1,record
LC REC 11,LC,2013-12,active,1,record
LC REC 11,LC,2014-01,active,1,record
LC REC 11,LC,2014-02,silent,0,record
LC REC 11,LC,2014-03,active,1,record
LC REC 11,LC,2014-04,active,1,record
LC REC 11,LC,2014-05,active,1,record
LC REC 11,LC,2014-06,active,1,record
LC REC 11,LC,2014-07,silent,0,record
LC REC 11,LC,2014-08,silent,0,record
LC REC 11,LC,2014-09,silent,0,record
LC REC 11,LC,2014-10,silent,0,record
LC REC 11,LC,2014-11,silent,0,record
LC REC 11,LC,2014-12,silent,0,record
LC REC 11,LC,2015-01,silent,0,record
LC REC 11,LC,2015-02,silent,0,record
LC REC 11,LC,2015-03,silent,0,record
LC REC 11,LC,2015-04,silent,0,record
LC REC 11,LC,2015-05,silent,0,record
LC REC 11,LC,2015-06,silent,0,record
LC REC 11,LC,2015-07,silent,0,record
LC REC 11,LC,2015-08,silent,0,record
LC REC 11,LC,2015-09,silent,0,record
LC REC 11,LC,2015-10,silent,0,record
LC REC 11,LC,2015-11,silent,0,record
LC REC 11,LC,2015-12,silent,0,record
LC REC 11,LC,2016-01,silent,0,record
LC REC 11,LC,2016-02,silent,0,record
LC REC 11,LC,2016-03,silent,0,record
LC REC 11,LC,2016-04,silent,0,record
LC REC 11,LC,2016-05,silent,0,record
LC REC 11,LC,2016-06,silent,0,record
LC REC 11,LC,2016-07,silent,0,record
LC REC 11,LC,2016-08,silent,0,record
LC REC 11,LC,2016-09,silent,0,record
LC REC 11,LC,2016-10,silent,0,record
LC REC 11,LC,2016-11,absent,0,record
LC REC 11,LC,2016-12,absent,0,record
LC REC 11,LC,2017-01,absent,0,record
LC REC 11,LC,2017-02,absent,0,record
LC REC 11,LC,2017-03,active,1,record
LC REC 11,LC,2017-04,active,1,record
LC REC 11,LC,2017-05,silent,0,record
LC REC 11,LC,2017-06,silent,0,record
LC REC 11,LC,2017-07,active,1,record
LC REC 11,LC,2017-08,silent,0,record
LC REC 11,LC,2017-09,active,1,record
LC REC 11,LC,2017-10,silent,0,record
LC REC 11,LC,2017-11,active,1,record
LC REC 11,LC,2017-12,active,1,record
LC REC 11,LC,2018-01,active,1,record
LC REC 11,LC,2018-02,active,1,record
LC REC 11,LC,2018-03,active,1,record
LC REC 11,LC,2018-04,active,1,record
LC REC 11,LC,2018-05,active,1,record
LC REC 11,LC,2018-06,active,1,record
LC REC 11,LC,2018-07,active,1,record
LC REC 11,LC,2018-08,silent,0,record
LC REC 11,LC,2018-09,silent,0,record
LC REC 11,LC,2018-10,active,1,record
LC REC 11,LC,2018-11,silent,0,record
LC REC 11,LC,2018-12,silent,0,record
LC REC 11,LC,2019-01,silent,0,record
LC REC 11,LC,2019-02,active,1,record
LC REC 11,LC,2019-03,silent,0,record
LC REC 11,LC,2019-04,active,1,record
LC REC 11,LC,2019-05,silent,0,record
LC REC 11,LC,2019-06,active,1,record
LC REC 11,LC,2019-07,active,1,record
LC REC 11,LC,2019-08,silent,0,record
LC REC 11,LC,2019-09,silent,0,record
LC REC 11,LC,2019-10,active,1,record
LC REC 11,LC,2019-11,silent,0,record
LC REC 11,LC,2019-12,silent,0,record
LC REC 11,LC,2020-01,silent,0,record
LC REC 11,LC,2020-02,active,1,record
LC REC 11,LC,2020-03,silent,0,record
LC REC 11,LC,2020-04,silent,0,record
LC REC 11,LC,2020-05,silent,0,record
LC REC 11,LC,2020-06,silent,0,record
LC REC 11,LC,2020-07,silent,0,record
LC REC 11,LC,2020-08,silent,0,record
LC REC 11,LC,2020-09,silent,0,record
LC REC 11,LC,2020-10,active,1,record
LC REC 11,LC,2020-11,silent,0,record
LC REC 11,LC,2020-12,silent,0,record
LC REC 11,LC,2021-01,active,1,record
LC REC 11,LC,2021-02,active,1,record
LC REC 11,LC,2021-03,silent,0,record
LC REC 11,LC,2021-04,silent,0,record
LC REC 11,LC,2021-05,silent,0,record
LC REC 11,LC,2021-06,silent,0,record
LC REC 11,LC,2021-07,silent,0,record
LC REC 11,LC,2021-08,silent,0,record
LC REC 11,LC,2021-09,silent,0,record
LC REC 11,LC,2021-10,active,1,record
LC REC 11,LC,2021-11,silent,0,record
LC REC 11,LC,2021-12,silent,0,record
LC REC 11,LC,2022-01,active,1,record
LC REC 11,LC,2022-02,silent,0,record
LC REC 11,LC,2022-03,active,1,record
LC REC 11,LC,2022-04,silent,0,record
LC REC 11,LC,2022-05,silent,0,record
LC REC 11,LC,2022-06,silent,0,record
LC REC 11,LC,2022-07,silent,0,record
LC REC 11,LC,2022-08,silent,0,record
LC REC 11,LC,2022-09,silent,0,record
LC REC 11,LC,2022-10,silent,0,record
LC REC 11,LC,2022-11,silent,0,record
LC REC 11,LC,2022-12,silent,0,record
LC REC 11,LC,2023-01,silent,0,record
LC REC 11,LC,2023-02,silent,0,record
LC REC 11,LC,2023-03,silent,0,record
LC REC 11,LC,2023-04,silent,0,record
LC REC 11,LC,2023-05,silent,0,record
LC REC 11,LC,2023-06,silent,0,record
LC REC 11,LC,2023-07,silent,0,record
LC REC 11,LC,2023-08,silent,0,record
LC REC 11,LC,2023-09,silent,0,record
LC REC 11,LC,2023-10,silent,0,record
LC REC 11,LC,2023-11,silent,0,record
LC REC 11,LC,2023-12,silent,0,record
LC REC 11,LC,2024-01,silent,0,record
LC REC 11,LC,2024-02,silent,0,record
LC REC 11,LC,2024-03,silent,0,record
LC REC 11,LC,2024-04,silent,0,record
LC REC 11,LC,2024-05,silent,0,record
LC REC 11,LC,2024-06,silent,0,record
LC REC 11,LC,2024-07,silent,0,record
LC REC 11,LC,2024-08,silent,0,record
LC REC 11,LC,2024-09,silent,0,record
LC REC 11,LC,2024-10,silent,0,record
LC REC 11,LC,2024-11,silent,0,record
LC REC 11,LC,2024-12,silent,0,record
LC REC 11,LC,2025-01,silent,0,record
LC REC 11,LC,2025-02,absent,0,inferred_no_record
LC REC 11,LC,2025-03,absent,0,inferred_no_record
LC REC 11,LC,2025-04,absent,0,inferred_no_record
LC REC 11,LC,2025-05,absent,0,inferred_no_record
LC REC 11,LC,2025-06,absent,0,inferred_no_record
LC REC 11,LC,2025-07,absent,0,inferred_no_record
LC REC 11,LC,2025-08,absent,0,inferred_no_record
LC REC 11,LC,2025-09,absent,0,inferred_no_record
LC REC 11,LC,2025-10,absent,0,inferred_no_record
LC REC 11,LC,2025-11,absent,0,inferred_no_record
LC REC 11,LC,2025-12,absent,0,inferred_no_record
LC REC 12,LC,2005-01,active,1,record
LC REC 12,LC,2005-02,active,1,record
LC REC 12,LC,2005-03,active,1,record
LC REC 12,LC,2005-04,active,1,record
LC REC 12,LC,2005-05,active,1,record
LC REC 12,LC,2005-06,active,1,record
LC REC 12,LC,2005-07,active,1,record
LC REC 12,LC,2005-08,active,1,record
LC REC 12,LC,2005-09,active,1,record
LC REC 12,LC,2005-10,active,1,record
LC REC 12,LC,2005-11,active,1,record
LC REC 12,LC,2005-12,active,1,record
LC REC 12,LC,2006-01,active,1,record
LC REC 12,LC,2006-02,active,1,record
LC REC 12,LC,2006-03,active,1,record
LC REC 12,LC,2006-04,active,1,record
LC REC 12,LC,2006-05,active,1,record
LC REC 12,LC,2006-06,active,1,record
LC REC 12,LC,2006-07,active,1,record
LC REC 12,LC,2006-08,active,1,record
LC REC 12,LC,2006-09,active,1,record
LC REC 12,LC,2006-10,active,1,record
LC REC 12,LC,2006-11,active,1,record
LC REC 12,LC,2006-12,active,1,record
LC REC 12,LC,2007-01,active,1,record
LC REC 12,LC,2007-02,active,1,record
LC REC 12,LC,2007-03,silent,0,record
LC REC 12,LC,2007-04,silent,0,record
LC REC 12,LC,2007-05,silent,0,record
LC REC 12,LC,2007-06,silent,0,record
LC REC 12,LC,2007-07,silent,0,record
LC REC 12,LC,2007-08,silent,0,record
LC REC 12,LC,2007-09,silent,0,record
LC REC 12,LC,2007-10,silent,0,record
LC REC 12,LC,2007-11,silent,0,record
LC REC 12,LC,2007-12,silent,0,record
LC REC 12,LC,2008-01,active,1,record
LC REC 12,LC,2008-02,silent,0,record
LC REC 12,LC,2008-03,silent,0,record
LC REC 12,LC,2008-04,silent,0,record
LC REC 12,LC,2008-05,silent,0,record
LC REC 12,LC,2008-06,unknown,0,none
LC REC 12,LC,2008-07,unknown,0,none
LC REC 12,LC,2008-08,unknown,0,none
LC REC 12,LC,2008-09,unknown,0,none
LC REC 12,LC,2008-10,unknown,0,none
LC REC 12,LC,2008-11,unknown,0,none
LC REC 12,LC,2008-12,unknown,0,none
LC REC 12,LC,2009-01,unknown,0,none
LC REC 12,LC,2009-02,unknown,0,none
LC REC 12,LC,2009-03,unknown,0,none
LC REC 12,LC,2009-04,unknown,0,none
LC REC 12,LC,2009-05,unknown,0,none
LC REC 12,LC,2009-06,unknown,0,none
LC REC 12,LC,2009-07,unknown,0,none
LC REC 12,LC,2009-08,unknown,0,none
LC REC 12,LC,2009-09,unknown,0,none
LC REC 12,LC,2009-10,unknown,0,none
LC REC 12,LC,2009-11,unknown,0,none
LC REC 12,LC,2009-12,unknown,0,none
LC REC 12,LC,2010-01,unknown,0,none
LC REC 12,LC,2010-02,unknown,0,none
LC REC 12,LC,2010-03,unknown,0,none
LC REC 12,LC,2010-04,unknown,0,none
LC REC 12,LC,2010-05,unknown,0,none
LC REC 12,LC,2010-06,unknown,0,none
LC REC 12,LC,2010-07,unknown,0,none
LC REC 12,LC,2010-08,unknown,0,none
LC REC 12,LC,2010-09,unknown,0,none
LC REC 12,LC,2010-10,unknown,0,none
LC REC 12,LC,2010-11,unknown,0,none
LC REC 12,LC,2010-12,unknown,0,none
LC REC 12,LC,2011-01,unknown,0,none
LC REC 12,LC,2011-02,unknown,0,none
LC REC 12,LC,2011-03,unknown,0,none
LC REC 12,LC,2011-04,unknown,0,none
LC REC 12,LC,2011-05,unknown,0,none
LC REC 12,LC,2011-06,unknown,0,none
LC REC 12,LC,2011-07,unknown,0,none
LC REC 12,LC,2011-08,unknown,0,none
LC REC 12,LC,2011-09,unknown,0,none
LC REC 12,LC,2011-10,unknown,0,none
LC REC 12,LC,2011-11,unknown,0,none
LC REC 12,LC,2011-12,unknown,0,none
LC REC 12,LC,2012-01,unknown,0,none
LC REC 12,LC,2012-02,unknown,0,none
LC REC 12,LC,2012-03,unknown,0,none
LC REC 12,LC,2012-04,unknown,0,none
LC REC 12,LC,2012-05,unknown,0,none
LC REC 12,LC,2012-06,unknown,0,none
LC REC 12,LC,2012-07,unknown,0,none
LC REC 12,LC,2012-08,unknown,0,none
LC REC 12,LC,2012-09,unknown,0,none
LC REC 12,LC,2012-10,unknown,0,none
LC REC 12,LC,2012-11,unknown,0,none
LC REC 12,LC,2012-12,unknown,0,none
LC REC 12,LC,2013-01,unknown,0,none
LC REC 12,LC,2013-02,unknown,0,none
LC REC 12,LC,2013-03,unknown,0,none
LC REC 12,LC,2013-04,unknown,0,none
LC REC 12,LC,2013-05,unknown,0,none
LC REC 12,LC,2013-06,unknown,0,none
LC REC 12,LC,2013-07,unknown,0,none
LC REC 12,LC,2013-08,unknown,0,none
LC REC 12,LC,2013-09,unknown,0,none
LC REC 12,LC,2013-10,unknown,0,none
LC REC 12,LC,2013-11,unknown,0,none
LC REC 12,LC,2013-12,unknown,0,none
LC REC 12,LC,2014-01,unknown,0,none
LC REC 12,LC,2014-02,unknown,0,none
LC REC 12,LC,2014-03,unknown,0,none
LC REC 12,LC,2014-04,unknown,0,none
LC REC 12,LC,2014-05,unknown,0,none
LC REC 12,LC,2014-06,unknown,0,none
LC REC 12,LC,2014-07,unknown,0,none
LC REC 12,LC,2014-08,unknown,0,none
LC REC 12,LC,2014-09,unknown,0,none
LC REC 12,LC,2014-10,unknown,0,none
LC REC 12,LC,2014-11,unknown,0,none
LC REC 12,LC,2014-12,unknown,0,none
LC REC 12,LC,2015-01,unknown,0,none
LC REC 12,LC,2015-02,unknown,0,none
LC REC 12,LC,2015-03,active,1,download_header
LC REC 12,LC,2015-04,active,1,download_header
LC REC 12,LC,2015-05,silent,0,download_header
LC REC 12,LC,2015-06,silent,0,download_header
LC REC 12,LC,2015-07,silent,0,download_header
LC REC 12,LC,2015-08,silent,0,download_header
LC REC 12,LC,2015-09,active,1,download_header
LC REC 12,LC,2015-10,active,1,download_header
LC REC 12,LC,2015-11,active,1,download_header
LC REC 12,LC,2015-12,active,1,download_header
LC REC 12,LC,2016-01,silent,0,download_header
LC REC 12,LC,2016-02,silent,0,download_header
LC REC 12,LC,2016-03,silent,0,download_header
LC REC 12,LC,2016-04,silent,0,download_header
LC REC 12,LC,2016-05,silent,0,download_header
LC REC 12,LC,2016-06,silent,0,download_header
LC REC 12,LC,2016-07,silent,0,download_header
LC REC 12,LC,2016-08,silent,0,download_header
LC REC 12,LC,2016-09,silent,0,download_header
LC REC 12,LC,2016-10,silent,0,download_header
LC REC 12,LC,2016-11,absent,0,record
LC REC 12,LC,2016-12,absent,0,record
LC REC 12,LC,2017-01,absent,0,record
LC REC 12,LC,2017-02,absent,0,record
LC REC 12,LC,2017-03,active,1,record
LC REC 12,LC,2017-04,active,1,record
LC REC 12,LC,2017-05,active,1,record
LC REC 12,LC,2017-06,active,1,record
LC REC 12,LC,2017-07,active,1,record
LC REC 12,LC,2017-08,active,1,record
LC REC 12,LC,2017-09,active,1,record
LC REC 12,LC,2017-10,active,1,record
LC REC 12,LC,2017-11,active,1,record
LC REC 12,LC,2017-12,active,1,record
LC REC 12,LC,2018-01,active,1,record
LC REC 12,LC,2018-02,active,1,record
LC REC 12,LC,2018-03,active,1,record
LC REC 12,LC,2018-04,active,1,record
LC REC 12,LC,2018-05,active,1,record
LC REC 12,LC,2018-06,active,1,record
LC REC 12,LC,2018-07,active,1,record
LC REC 12,LC,2018-08,silent,0,record
LC REC 12,LC,2018-09,silent,0,record
LC REC 12,LC,2018-10,active,1,record
LC REC 12,LC,2018-11,silent,0,record
LC REC 12,LC,2018-12,silent,0,record
LC REC 12,LC,2019-01,active,1,record
LC REC 12,LC,2019-02,active,1,record
LC REC 12,LC,2019-03,active,1,record
LC REC 12,LC,2019-04,active,1,record
LC REC 12,LC,2019-05,active,1,record
LC REC 12,LC,2019-06,active,1,record
LC REC 12,LC,2019-07,active,1,record
LC REC 12,LC,2019-08,active,1,record
LC REC 12,LC,2019-09,active,1,record
LC REC 12,LC,2019-10,active,1,record
LC REC 12,LC,2019-11,silent,0,record
LC REC 12,LC,2019-12,active,1,record
LC REC 12,LC,2020-01,silent,0,record
LC REC 12,LC,2020-02,active,1,record
LC REC 12,LC,2020-03,active,1,record
LC REC 12,LC,2020-04,active,1,record
LC REC 12,LC,2020-05,active,1,record
LC REC 12,LC,2020-06,silent,0,record
LC REC 12,LC,2020-07,active,1,record
LC REC 12,LC,2020-08,silent,0,record
LC REC 12,LC,2020-09,silent,0,record
LC REC 12,LC,2020-10,active,1,record
LC REC 12,LC,2020-11,silent,0,record
LC REC 12,LC,2020-12,silent,0,record
LC REC 12,LC,2021-01,active,1,record
LC REC 12,LC,2021-02,active,1,record
LC REC 12,LC,2021-03,active,1,record
LC REC 12,LC,2021-04,silent,0,record
LC REC 12,LC,2021-05,silent,0,record
LC REC 12,LC,2021-06,silent,0,record
LC REC 12,LC,2021-07,silent,0,record
LC REC 12,LC,2021-08,silent,0,record
LC REC 12,LC,2021-09,silent,0,record
LC REC 12,LC,2021-10,silent,0,record
LC REC 12,LC,2021-11,silent,0,record
LC REC 12,LC,2021-12,silent,0,record
LC REC 12,LC,2022-01,active,1,record
LC REC 12,LC,2022-02,active,1,record
LC REC 12,LC,2022-03,active,1,record
LC REC 12,LC,2022-04,silent,0,record
LC REC 12,LC,2022-05,silent,0,record
LC REC 12,LC,2022-06,silent,0,record
LC REC 12,LC,2022-07,silent,0,record
LC REC 12,LC,2022-08,silent,0,record
LC REC 12,LC,2022-09,silent,0,record
LC REC 12,LC,2022-10,active,1,record
LC REC 12,LC,2022-11,silent,0,record
LC REC 12,LC,2022-12,silent,0,record
LC REC 12,LC,2023-01,silent,0,record
LC REC 12,LC,2023-02,silent,0,record
LC REC 12,LC,2023-03,silent,0,record
LC REC 12,LC,2023-04,silent,0,record
LC REC 12,LC,2023-05,silent,0,record
LC REC 12,LC,2023-06,silent,0,record
LC REC 12,LC,2023-07,silent,0,record
LC REC 12,LC,2023-08,silent,0,record
LC REC 12,LC,2023-09,silent,0,record
LC REC 12,LC,2023-10,silent,0,record
LC REC 12,LC,2023-11,silent,0,record
LC REC 12,LC,2023-12,silent,0,record
LC REC 12,LC,2024-01,silent,0,record
LC REC 12,LC,2024-02,silent,0,record
LC REC 12,LC,2024-03,silent,0,record
LC REC 12,LC,2024-04,silent,0,record
LC REC 12,LC,2024-05,silent,0,record
LC REC 12,LC,2024-06,silent,0,record
LC REC 12,LC,2024-07,silent,0,record
LC REC 12,LC,2024-08,silent,0,record
LC REC 12,LC,2024-09,silent,0,record
LC REC 12,LC,2024-10,silent,0,record
LC REC 12,LC,2024-11,silent,0,record
LC REC 12,LC,2024-12,silent,0,record
LC REC 12,LC,2025-01,silent,0,record
LC REC 12,LC,2025-02,absent,0,inferred_no_record
LC REC 12,LC,2025-03,absent,0,inferred_no_record
LC REC 12,LC,2025-04,absent,0,inferred_no_record
LC REC 12,LC,2025-05,absent,0,inferred_no_record
LC REC 12,LC,2025-06,absent,0,inferred_no_record
LC REC 12,LC,2025-07,absent,0,inferred_no_record
LC REC 12,LC,2025-08,absent,0,inferred_no_record
LC REC 12,LC,2025-09,absent,0,inferred_no_record
LC REC 12,LC,2025-10,absent,0,inferred_no_record
LC REC 12,LC,2025-11,absent,0,inferred_no_record
LC REC 12,LC,2025-12,absent,0,inferred_no_record
LC REC 13,LC,2005-01,active,1,record
LC REC 13,LC,2005-02,active,1,record
LC REC 13,LC,2005-03,active,1,record
LC REC 13,LC,2005-04,active,1,record
LC REC 13,LC,2005-05,silent,0,record
LC REC 13,LC,2005-06,silent,0,record
LC REC 13,LC,2005-07,silent,0,record
LC REC 13,LC,2005-08,silent,0,record
LC REC 13,LC,2005-09,silent,0,record
LC REC 13,LC,2005-10,silent,0,record
LC REC 13,LC,2005-11,silent,0,record
LC REC 13,LC,2005-12,silent,0,record
LC REC 13,LC,2006-01,active,1,record
LC REC 13,LC,2006-02,active,1,record
LC REC 13,LC,2006-03,active,1,record
LC REC 13,LC,2006-04,silent,0,record
LC REC 13,LC,2006-05,silent,0,record
LC REC 13,LC,2006-06,silent,0,record
LC REC 13,LC,2006-07,silent,0,record
LC REC 13,LC,2006-08,active,1,record
LC REC 13,LC,2006-09,silent,0,record
LC REC 13,LC,2006-10,silent,0,record
LC REC 13,LC,2006-11,silent,0,record
LC REC 13,LC,2006-12,silent,0,record
LC REC 13,LC,2007-01,active,1,record
LC REC 13,LC,2007-02,active,1,record
LC REC 13,LC,2007-03,active,1,record
LC REC 13,LC,2007-04,silent,0,record
LC REC 13,LC,2007-05,silent,0,record
LC REC 13,LC,2007-06,silent,0,record
LC REC 13,LC,2007-07,silent,0,record
LC REC 13,LC,2007-08,silent,0,record
LC REC 13,LC,2007-09,silent,0,record
LC REC 13,LC,2007-10,silent,0,record
LC REC 13,LC,2007-11,silent,0,record
LC REC 13,LC,2007-12,silent,0,record
LC REC 13,LC,2008-01,active,1,record
LC REC 13,LC,2008-02,active,1,record
LC REC 13,LC,2008-03,silent,0,record
LC REC 13,LC,2008-04,silent,0,record
LC REC 13,LC,2008-05,silent,0,record
LC REC 13,LC,2008-06,silent,0,record
LC REC 13,LC,2008-07,silent,0,record
LC REC 13,LC,2008-08,silent,0,record
LC REC 13,LC,2008-09,silent,0,record
LC REC 13,LC,2008-10,silent,0,record
LC REC 13,LC,2008-11,silent,0,record
LC REC 13,LC,2008-12,silent,0,record
LC REC 13,LC,2009-01,silent,0,record
LC REC 13,LC,2009-02,silent,0,record
LC REC 13,LC,2009-03,silent,0,record
LC REC 13,LC,2009-04,silent,0,record
LC REC 13,LC,2009-05,silent,0,record
LC REC 13,LC,2009-06,silent,0,record
LC REC 13,LC,2009-07,silent,0,record
LC REC 13,LC,2009-08,silent,0,record
LC REC 13,LC,2009-09,silent,0,record
LC REC 13,LC,2009-10,silent,0,record
LC REC 13,LC,2009-11,silent,0,record
LC REC 13,LC,2009-12,silent,0,record
LC REC 13,LC,2010-01,silent,0,record
LC REC 13,LC,2010-02,silent,0,record
LC REC 13,LC,2010-03,silent,0,record
LC REC 13,LC,2010-04,silent,0,record
LC REC 13,LC,2010-05,silent,0,record
LC REC 13,LC,2010-06,silent,0,record
LC REC 13,LC,2010-07,silent,0,record
LC REC 13,LC,2010-08,silent,0,record
LC REC 13,LC,2010-09,silent,0,record
LC REC 13,LC,2010-10,silent,0,record
LC REC 13,LC,2010-11,silent,0,record
LC REC 13,LC,2010-12,silent,0,record
LC REC 13,LC,2011-01,silent,0,record
LC REC 13,LC,2011-02,silent,0,record
LC REC 13,LC,2011-03,silent,0,record
LC REC 13,LC,2011-04,silent,0,record
LC REC 13,LC,2011-05,silent,0,record
LC REC 13,LC,2011-06,silent,0,record
LC REC 13,LC,2011-07,silent,0,record
LC REC 13,LC,2011-08,silent,0,record
LC REC 13,LC,2011-09,silent,0,record
LC REC 13,LC,2011-10,silent,0,record
LC REC 13,LC,2011-11,silent,0,record
LC REC 13,LC,2011-12,silent,0,record
LC REC 13,LC,2012-01,unknown,0,none
LC REC 13,LC,2012-02,unknown,0,none
LC REC 13,LC,2012-03,unknown,0,none
LC REC 13,LC,2012-04,unknown,0,none
LC REC 13,LC,2012-05,unknown,0,none
LC REC 13,LC,2012-06,unknown,0,none
LC REC 13,LC,2012-07,unknown,0,none
LC REC 13,LC,2012-08,unknown,0,none
LC REC 13,LC,2012-09,unknown,0,none
LC REC 13,LC,2012-10,unknown,0,none
LC REC 13,LC,2012-11,unknown,0,none
LC REC 13,LC,2012-12,unknown,0,none
LC REC 13,LC,2013-01,unknown,0,none
LC REC 13,LC,2013-02,unknown,0,none
LC REC 13,LC,2013-03,unknown,0,none
LC REC 13,LC,2013-04,unknown,0,none
LC REC 13,LC,2013-05,unknown,0,none
LC REC 13,LC,2013-06,unknown,0,none
LC REC 13,LC,2013-07,unknown,0,none
LC REC 13,LC,2013-08,unknown,0,none
LC REC 13,LC,2013-09,unknown,0,none
LC REC 13,LC,2013-10,unknown,0,none
LC REC 13,LC,2013-11,unknown,0,none
LC REC 13,LC,2013-12,unknown,0,none
LC REC 13,LC,2014-01,unknown,0,none
LC REC 13,LC,2014-02,unknown,0,none
LC REC 13,LC,2014-03,unknown,0,none
LC REC 13,LC,2014-04,unknown,0,none
LC REC 13,LC,2014-05,unknown,0,none
LC REC 13,LC,2014-06,unknown,0,none
LC REC 13,LC,2014-07,unknown,0,none
LC REC 13,LC,2014-08,unknown,0,none
LC REC 13,LC,2014-09,unknown,0,none
LC REC 13,LC,2014-10,unknown,0,none
LC REC 13,LC,2014-11,unknown,0,none
LC REC 13,LC,2014-12,unknown,0,none
LC REC 13,LC,2015-01,unknown,0,none
LC REC 13,LC,2015-02,unknown,0,none
LC REC 13,LC,2015-03,unknown,0,none
LC REC 13,LC,2015-04,unknown,0,none
LC REC 13,LC,2015-05,unknown,0,none
LC REC 13,LC,2015-06,unknown,0,none
LC REC 13,LC,2015-07,unknown,0,none
LC REC 13,LC,2015-08,unknown,0,none
LC REC 13,LC,2015-09,unknown,0,none
LC REC 13,LC,2015-10,unknown,0,none
LC REC 13,LC,2015-11,unknown,0,none
LC REC 13,LC,2015-12,unknown,0,none
LC REC 13,LC,2016-01,silent,0,record
LC REC 13,LC,2016-02,active,1,record
LC REC 13,LC,2016-03,silent,0,record
LC REC 13,LC,2016-04,active,1,record
LC REC 13,LC,2016-05,active,1,record
LC REC 13,LC,2016-06,active,1,record
LC REC 13,LC,2016-07,active,1,record
LC REC 13,LC,2016-08,active,1,record
LC REC 13,LC,2016-09,silent,0,record
LC REC 13,LC,2016-10,silent,0,record
LC REC 13,LC,2016-11,active,1,record
LC REC 13,LC,2016-12,silent,0,record
LC REC 13,LC,2017-01,active,1,record
LC REC 13,LC,2017-02,active,1,record
LC REC 13,LC,2017-03,active,1,record
LC REC 13,LC,2017-04,active,1,record
LC REC 13,LC,2017-05,active,1,record
LC REC 13,LC,2017-06,silent,0,record
LC REC 13,LC,2017-07,active,1,record
LC REC 13,LC,2017-08,silent,0,record
LC REC 13,LC,2017-09,active,1,record
LC REC 13,LC,2017-10,active,1,record
LC REC 13,LC,2017-11,active,1,record
LC REC 13,LC,2017-12,active,1,record
LC REC 13,LC,2018-01,active,1,record
LC REC 13,LC,2018-02,active,1,record
LC REC 13,LC,2018-03,active,1,record
LC REC 13,LC,2018-04,active,1,record
LC REC 13,LC,2018-05,active,1,record
LC REC 13,LC,2018-06,active,1,record
LC REC 13,LC,2018-07,active,1,record
LC REC 13,LC,2018-08,silent,0,record
LC REC 13,LC,2018-09,silent,0,record
LC REC 13,LC,2018-10,active,1,record
LC REC 13,LC,2018-11,silent,0,record
LC REC 13,LC,2018-12,silent,0,record
LC REC 13,LC,2019-01,active,1,record
LC REC 13,LC,2019-02,active,1,record
LC REC 13,LC,2019-03,active,1,record
LC REC 13,LC,2019-04,active,1,record
LC REC 13,LC,2019-05,active,1,record
LC REC 13,LC,2019-06,active,1,record
LC REC 13,LC,2019-07,active,1,record
LC REC 13,LC,2019-08,active,1,record
LC REC 13,LC,2019-09,active,1,record
LC REC 13,LC,2019-10,active,1,record
LC REC 13,LC,2019-11,active,1,record
LC REC 13,LC,2019-12,active,1,record
LC REC 13,LC,2020-01,active,1,record
LC REC 13,LC,2020-02,active,1,record
LC REC 13,LC,2020-03,active,1,record
LC REC 13,LC,2020-04,active,1,record
LC REC 13,LC,2020-05,active,1,record
LC REC 13,LC,2020-06,active,1,record
LC REC 13,LC,2020-07,active,1,record
LC REC 13,LC,2020-08,silent,0,record
LC REC 13,LC,2020-09,silent,0,record
LC REC 13,LC,2020-10,active,1,record
LC REC 13,LC,2020-11,silent,0,record
LC REC 13,LC,2020-12,silent,0,record
LC REC 13,LC,2021-01,active,1,record
LC REC 13,LC,2021-02,active,1,record
LC REC 13,LC,2021-03,active,1,record
LC REC 13,LC,2021-04,silent,0,record
LC REC 13,LC,2021-05,silent,0,record
LC REC 13,LC,2021-06,silent,0,record
LC REC 13,LC,2021-07,silent,0,record
LC REC 13,LC,2021-08,silent,0,record
LC REC 13,LC,2021-09,silent,0,record
LC REC 13,LC,2021-10,active,1,record
LC REC 13,LC,2021-11,silent,0,record
LC REC 13,LC,2021-12,silent,0,record
LC REC 13,LC,2022-01,active,1,record
LC REC 13,LC,2022-02,active,1,record
LC REC 13,LC,2022-03,silent,0,record
LC REC 13,LC,2022-04,silent,0,record
LC REC 13,LC,2022-05,silent,0,record
LC REC 13,LC,2022-06,silent,0,record
LC REC 13,LC,2022-07,silent,0,record
LC REC 13,LC,2022-08,silent,0,record
LC REC 13,LC,2022-09,silent,0,record
LC REC 13,LC,2022-10,active,1,record
LC REC 13,LC,2022-11,silent,0,record
LC REC 13,LC,2022-12,silent,0,record
LC REC 13,LC,2023-01,silent,0,record
LC REC 13,LC,2023-02,active,1,record
LC REC 13,LC,2023-03,silent,0,record
LC REC 13,LC,2023-04,silent,0,record
LC REC 13,LC,2023-05,silent,0,record
LC REC 13,LC,2023-06,silent,0,record
LC REC 13,LC,2023-07,silent,0,record
LC REC 13,LC,2023-08,silent,0,record
LC REC 13,LC,2023-09,silent,0,record
LC REC 13,LC,2023-10,silent,0,record
LC REC 13,LC,2023-11,silent,0,record
LC REC 13,LC,2023-12,silent,0,record
LC REC 13,LC,2024-01,active,1,record
LC REC 13,LC,2024-02,silent,0,record
LC REC 13,LC,2024-03,active,1,record
LC REC 13,LC,2024-04,silent,0,record
LC REC 13,LC,2024-05,active,1,record
LC REC 13,LC,2024-06,silent,0,record
LC REC 13,LC,2024-07,silent,0,record
LC REC 13,LC,2024-08,silent,0,record
LC REC 13,LC,2024-09,silent,0,record
LC REC 13,LC,2024-10,silent,0,record
LC REC 13,LC,2024-11,silent,0,record
LC REC 13,LC,2024-12,silent,0,record
LC REC 13,LC,2025-01,silent,0,record
LC REC 13,LC,2025-02,absent,0,inferred_no_record
LC REC 13,LC,2025-03,absent,0,inferred_no_record
LC REC 13,LC,2025-04,absent,0,inferred_no_record
LC REC 13,LC,2025-05,absent,0,inferred_no_record
LC REC 13,LC,2025-06,absent,0,inferred_no_record
LC REC 13,LC,2025-07,absent,0,inferred_no_record
LC REC 13,LC,2025-08,absent,0,inferred_no_record
LC REC 13,LC,2025-09,absent,0,inferred_no_record
LC REC 13,LC,2025-10,absent,0,inferred_no_record
LC REC 13,LC,2025-11,absent,0,inferred_no_record
LC REC 13,LC,2025-12,absent,0,inferred_no_record
LC REC 14,LC,2005-01,active,1,record
LC REC 14,LC,2005-02,active,1,record
LC REC 14,LC,2005-03,active,1,record
LC REC 14,LC,2005-04,active,1,record
LC REC 14,LC,2005-05,active,1,record
LC REC 14,LC,2005-06,active,1,record
LC REC 14,LC,2005-07,active,1,record
LC REC 14,LC,2005-08,active,1,record
LC REC 14,LC,2005-09,active,1,record
LC REC 14,LC,2005-10,active,1,record
LC REC 14,LC,2005-11,active,1,record
LC REC 14,LC,2005-12,active,1,record
LC REC 14,LC,2006-01,active,1,record
LC REC 14,LC,2006-02,active,1,record
LC REC 14,LC,2006-03,active,1,record
LC REC 14,LC,2006-04,active,1,record
LC REC 14,LC,2006-05,active,1,record
LC REC 14,LC,2006-06,active,1,record
LC REC 14,LC,2006-07,active,1,record
LC REC 14,LC,2006-08,active,1,record
LC REC 14,LC,2006-09,active,1,record
LC REC 14,LC,2006-10,active,1,record
LC REC 14,LC,2006-11,active,1,record
LC REC 14,LC,2006-12,active,1,record
LC REC 14,LC,2007-01,active,1,record
LC REC 14,LC,2007-02,active,1,record
LC REC 14,LC,2007-03,silent,0,record
LC REC 14,LC,2007-04,silent,0,record
LC REC 14,LC,2007-05,silent,0,record
LC REC 14,LC,2007-06,silent,0,record
LC REC 14,LC,2007-07,silent,0,record
LC REC 14,LC,2007-08,silent,0,record
LC REC 14,LC,2007-09,silent,0,record
LC REC 14,LC,2007-10,silent,0,record
LC REC 14,LC,2007-11,silent,0,record
LC REC 14,LC,2007-12,silent,0,record
LC REC 14,LC,2008-01,active,1,record
LC REC 14,LC,2008-02,active,1,record
LC REC 14,LC,2008-03,silent,0,record
LC REC 14,LC,2008-04,silent,0,record
LC REC 14,LC,2008-05,silent,0,record
LC REC 14,LC,2008-06,silent,0,record
LC REC 14,LC,2008-07,silent,0,record
LC REC 14,LC,2008-08,silent,0,record
LC REC 14,LC,2008-09,silent,0,record
LC REC 14,LC,2008-10,silent,0,record
LC REC 14,LC,2008-11,silent,0,record
LC REC 14,LC,2008-12,silent,0,record
LC REC 14,LC,2009-01,silent,0,record
LC REC 14,LC,2009-02,silent,0,record
LC REC 14,LC,2009-03,silent,0,record
LC REC 14,LC,2009-04,silent,0,record
LC REC 14,LC,2009-05,silent,0,record
LC REC 14,LC,2009-06,silent,0,record
LC REC 14,LC,2009-07,silent,0,record
LC REC 14,LC,2009-08,silent,0,record
LC REC 14,LC,2009-09,silent,0,record
LC REC 14,LC,2009-10,silent,0,record
LC REC 14,LC,2009-11,silent,0,record
LC REC 14,LC,2009-12,silent,0,record
LC REC 14,LC,2010-01,silent,0,record
LC REC 14,LC,2010-02,silent,0,record
LC REC 14,LC,2010-03,silent,0,record
LC REC 14,LC,2010-04,silent,0,record
LC REC 14,LC,2010-05,silent,0,record
LC REC 14,LC,2010-06,silent,0,record
LC REC 14,LC,2010-07,silent,0,record
LC REC 14,LC,2010-08,silent,0,record
LC REC 14,LC,2010-09,silent,0,record
LC REC 14,LC,2010-10,silent,0,record
LC REC 14,LC,2010-11,silent,0,record
LC REC 14,LC,2010-12,silent,0,record
LC REC 14,LC,2011-01,silent,0,record
LC REC 14,LC,2011-02,silent,0,record
LC REC 14,LC,2011-03,silent,0,record
LC REC 14,LC,2011-04,silent,0,record
LC REC 14,LC,2011-05,silent,0,record
LC REC 14,LC,2011-06,silent,0,record
LC REC 14,LC,2011-07,silent,0,record
LC REC 14,LC,2011-08,silent,0,record
LC REC 14,LC,2011-09,silent,0,record
LC REC 14,LC,2011-10,silent,0,record
LC REC 14,LC,2011-11,unknown,0,none
LC REC 14,LC,2011-12,unknown,0,none
LC REC 14,LC,2012-01,unknown,0,none
LC REC 14,LC,2012-02,unknown,0,none
LC REC 14,LC,2012-03,unknown,0,none
LC REC 14,LC,2012-04,unknown,0,none
LC REC 14,LC,2012-05,unknown,0,none
LC REC 14,LC,2012-06,unknown,0,none
LC REC 14,LC,2012-07,unknown,0,none
LC REC 14,LC,2012-08,unknown,0,none
LC REC 14,LC,2012-09,unknown,0,none
LC REC 14,LC,2012-10,unknown,0,none
LC REC 14,LC,2012-11,unknown,0,none
LC REC 14,LC,2012-12,unknown,0,none
LC REC 14,LC,2013-01,unknown,0,none
LC REC 14,LC,2013-02,unknown,0,none
LC REC 14,LC,2013-03,unknown,0,none
LC REC 14,LC,2013-04,unknown,0,none
LC REC 14,LC,2013-05,unknown,0,none
LC REC 14,LC,2013-06,unknown,0,none
LC REC 14,LC,2013-07,unknown,0,none
LC REC 14,LC,2013-08,unknown,0,none
LC REC 14,LC,2013-09,unknown,0,none
LC REC 14,LC,2013-10,unknown,0,none
LC REC 14,LC,2013-11,unknown,0,none
LC REC 14,LC,2013-12,unknown,0,none
LC REC 14,LC,2014-01,unknown,0,none
LC REC 14,LC,2014-02,unknown,0,none
LC REC 14,LC,2014-03,unknown,0,none
LC REC 14,LC,2014-04,unknown,0,none
LC REC 14,LC,2014-05,unknown,0,none
LC REC 14,LC,2014-06,unknown,0,none
LC REC 14,LC,2014-07,unknown,0,none
LC REC 14,LC,2014-08,unknown,0,none
LC REC 14,LC,2014-09,unknown,0,none
LC REC 14,LC,2014-10,unknown,0,none
LC REC 14,LC,2014-11,unknown,0,none
LC REC 14,LC,2014-12,unknown,0,none
LC REC 14,LC,2015-01,unknown,0,none
LC REC 14,LC,2015-02,unknown,0,none
LC REC 14,LC,2015-03,active,1,record
LC REC 14,LC,2015-04,active,1,record
LC REC 14,LC,2015-05,active,1,record
LC REC 14,LC,2015-06,active,1,record
LC REC 14,LC,2015-07,active,1,record
LC REC 14,LC,2015-08,active,1,record
LC REC 14,LC,2015-09,active,1,record
LC REC 14,LC,2015-10,active,1,record
LC REC 14,LC,2015-11,active,1,record
LC REC 14,LC,2015-12,active,1,record
LC REC 14,LC,2016-01,active,1,record
LC REC 14,LC,2016-02,active,1,record
LC REC 14,LC,2016-03,active,1,record
LC REC 14,LC,2016-04,active,1,record
LC REC 14,LC,2016-05,active,1,record
LC REC 14,LC,2016-06,active,1,record
LC REC 14,LC,2016-07,active,1,record
LC REC 14,LC,2016-08,active,1,record
LC REC 14,LC,2016-09,active,1,record
LC REC 14,LC,2016-10,active,1,record
LC REC 14,LC,2016-11,active,1,record
LC REC 14,LC,2016-12,active,1,record
LC REC 14,LC,2017-01,active,1,record
LC REC 14,LC,2017-02,active,1,record
LC REC 14,LC,2017-03,active,1,record
LC REC 14,LC,2017-04,active,1,record
LC REC 14,LC,2017-05,active,1,record
LC REC 14,LC,2017-06,active,1,record
LC REC 14,LC,2017-07,active,1,record
LC REC 14,LC,2017-08,active,1,record
LC REC 14,LC,2017-09,active,1,record
LC REC 14,LC,2017-10,active,1,record
LC REC 14,LC,2017-11,active,1,record
LC REC 14,LC,2017-12,active,1,record
LC REC 14,LC,2018-01,active,1,record
LC REC 14,LC,2018-02,active,1,record
LC REC 14,LC,2018-03,active,1,record
LC REC 14,LC,2018-04,active,1,record
LC REC 14,LC,2018-05,active,1,record
LC REC 14,LC,2018-06,silent,0,record
LC REC 14,LC,2018-07,active,1,record
LC REC 14,LC,2018-08,active,1,record
LC REC 14,LC,2018-09,active,1,record
LC REC 14,LC,2018-10,active,1,record
LC REC 14,LC,2018-11,active,1,record
LC REC 14,LC,2018-12,active,1,record
LC REC 14,LC,2019-01,active,1,record
LC REC 14,LC,2019-02,active,1,record
LC REC 14,LC,2019-03,active,1,record
LC REC 14,LC,2019-04,active,1,record
LC REC 14,LC,2019-05,active,1,record
LC REC 14,LC,2019-06,active,1,record
LC REC 14,LC,2019-07,silent,0,record
LC REC 14,LC,2019-08,active,1,record
LC REC 14,LC,2019-09,active,1,record
LC REC 14,LC,2019-10,active,1,record
LC REC 14,LC,2019-11,active,1,record
LC REC 14,LC,2019-12,active,1,record
LC REC 14,LC,2020-01,active,1,record
LC REC 14,LC,2020-02,active,1,record
LC REC 14,LC,2020-03,active,1,record
LC REC 14,LC,2020-04,silent,0,record
LC REC 14,LC,2020-05,active,1,record
LC REC 14,LC,2020-06,active,1,record
LC REC 14,LC,2020-07,active,1,record
LC REC 14,LC,2020-08,silent,0,record
LC REC 14,LC,2020-09,silent,0,record
LC REC 14,LC,2020-10,active,1,record
LC REC 14,LC,2020-11,silent,0,record
LC REC 14,LC,2020-12,silent,0,record
LC REC 14,LC,2021-01,active,1,record
LC REC 14,LC,2021-02,active,1,record
LC REC 14,LC,2021-03,active,1,record
LC REC 14,LC,2021-04,silent,0,record
LC REC 14,LC,2021-05,silent,0,record
LC REC 14,LC,2021-06,silent,0,record
LC REC 14,LC,2021-07,silent,0,record
LC REC 14,LC,2021-08,active,1,record
LC REC 14,LC,2021-09,silent,0,record
LC REC 14,LC,2021-10,active,1,record
LC REC 14,LC,2021-11,silent,0,record
LC REC 14,LC,2021-12,silent,0,record
LC REC 14,LC,2022-01,silent,0,record
LC REC 14,LC,2022-02,silent,0,record
LC REC 14,LC,2022-03,silent,0,record
LC REC 14,LC,2022-04,silent,0,record
LC REC 14,LC,2022-05,silent,0,record
LC REC 14,LC,2022-06,silent,0,record
LC REC 14,LC,2022-07,silent,0,record
LC REC 14,LC,2022-08,silent,0,record
LC REC 14,LC,2022-09,silent,0,record
LC REC 14,LC,2022-10,silent,0,record
LC REC 14,LC,2022-11,silent,0,record
LC REC 14,LC,2022-12,silent,0,record
LC REC 14,LC,2023-01,silent,0,record
LC REC 14,LC,2023-02,silent,0,record
LC REC 14,LC,2023-03,silent,0,record
LC REC 14,LC,2023-04,silent,0,record
LC REC 14,LC,2023-05,silent,0,record
LC REC 14,LC,2023-06,silent,0,record
LC REC 14,LC,2023-07,silent,0,record
LC REC 14,LC,2023-08,silent,0,record
LC REC 14,LC,2023-09,silent,0,record
LC REC 14,LC,2023-10,silent,0,record
LC REC 14,LC,2023-11,silent,0,record
LC REC 14,LC,2023-12,silent,0,record
LC REC 14,LC,2024-01,silent,0,record
LC REC 14,LC,2024-02,silent,0,record
LC REC 14,LC,2024-03,silent,0,record
LC REC 14,LC,2024-04,silent,0,record
LC REC 14,LC,2024-05,silent,0,record
LC REC 14,LC,2024-06,silent,0,record
LC REC 14,LC,2024-07,silent,0,record
LC REC 14,LC,2024-08,silent,0,record
LC REC 14,LC,2024-09,silent,0,record
LC REC 14,LC,2024-10,silent,0,record
LC REC 14,LC,2024-11,silent,0,record
LC REC 14,LC,2024-12,silent,0,record
LC REC 14,LC,2025-01,silent,0,record
LC REC 14,LC,2025-02,absent,0,inferred_no_record
LC REC 14,LC,2025-03,absent,0,inferred_no_record
LC REC 14,LC,2025-04,absent,0,inferred_no_record
LC REC 14,LC,2025-05,absent,0,inferred_no_record
LC REC 14,LC,2025-06,absent,0,inferred_no_record
LC REC 14,LC,2025-07,absent,0,inferred_no_record
LC REC 14,LC,2025-08,absent,0,inferred_no_record
LC REC 14,LC,2025-09,absent,0,inferred_no_record
LC REC 14,LC,2025-10,absent,0,inferred_no_record
LC REC 14,LC,2025-11,absent,0,inferred_no_record
LC REC 14,LC,2025-12,absent,0,inferred_no_record
LC REC 15,LC,2005-01,active,1,record
LC REC 15,LC,2005-02,active,1,record
LC REC 15,LC,2005-03,active,1,record
LC REC 15,LC,2005-04,active,1,record
LC REC 15,LC,2005-05,active,1,record
LC REC 15,LC,2005-06,active,1,record
LC REC 15,LC,2005-07,active,1,record
LC REC 15,LC,2005-08,active,1,record
LC REC 15,LC,2005-09,active,1,record
LC REC 15,LC,2005-10,active,1,record
LC REC 15,LC,2005-11,active,1,record
LC REC 15,LC,2005-12,active,1,record
LC REC 15,LC,2006-01,active,1,record
LC REC 15,LC,2006-02,active,1,record
LC REC 15,LC,2006-03,active,1,record
LC REC 15,LC,2006-04,active,1,record
LC REC 15,LC,2006-05,active,1,record
LC REC 15,LC,2006-06,active,1,record
LC REC 15,LC,2006-07,active,1,record
LC REC 15,LC,2006-08,active,1,record
LC REC 15,LC,2006-09,active,1,record
LC REC 15,LC,2006-10,active,1,record
LC REC 15,LC,2006-11,active,1,record
LC REC 15,LC,2006-12,active,1,record
LC REC 15,LC,2007-01,active,1,record
LC REC 15,LC,2007-02,active,1,record
LC REC 15,LC,2007-03,active,1,record
LC REC 15,LC,2007-04,silent,0,record
LC REC 15,LC,2007-05,silent,0,record
LC REC 15,LC,2007-06,silent,0,record
LC REC 15,LC,2007-07,silent,0,record
LC REC 15,LC,2007-08,silent,0,record
LC REC 15,LC,2007-09,silent,0,record
LC REC 15,LC,2007-10,silent,0,record
LC REC 15,LC,2007-11,silent,0,record
LC REC 15,LC,2007-12,silent,0,record
LC REC 15,LC,2008-01,active,1,record
LC REC 15,LC,2008-02,active,1,record
LC REC 15,LC,2008-03,silent,0,record
LC REC 15,LC,2008-04,silent,0,record
LC REC 15,LC,2008-05,silent,0,record
LC REC 15,LC,2008-06,silent,0,record
LC REC 15,LC,2008-07,silent,0,record
LC REC 15,LC,2008-08,silent,0,record
LC REC 15,LC,2008-09,silent,0,record
LC REC 15,LC,2008-10,silent,0,record
LC REC 15,LC,2008-11,silent,0,record
LC REC 15,LC,2008-12,silent,0,record
LC REC 15,LC,2009-01,silent,0,record
LC REC 15,LC,2009-02,silent,0,record
LC REC 15,LC,2009-03,silent,0,record
LC REC 15,LC,2009-04,silent,0,record
LC REC 15,LC,2009-05,silent,0,record
LC REC 15,LC,2009-06,silent,0,record
LC REC 15,LC,2009-07,silent,0,record
LC REC 15,LC,2009-08,silent,0,record
LC REC 15,LC,2009-09,silent,0,record
LC REC 15,LC,2009-10,silent,0,record
LC REC 15,LC,2009-11,silent,0,record
LC REC 15,LC,2009-12,silent,0,record
LC REC 15,LC,2010-01,silent,0,record
LC REC 15,LC,2010-02,silent,0,record
LC REC 15,LC,2010-03,silent,0,record
LC REC 15,LC,2010-04,silent,0,record
LC REC 15,LC,2010-05,silent,0,record
LC REC 15,LC,2010-06,silent,0,record
LC REC 15,LC,2010-07,silent,0,record
LC REC 15,LC,2010-08,silent,0,record
LC REC 15,LC,2010-09,silent,0,record
LC REC 15,LC,2010-10,silent,0,record
LC REC 15,LC,2010-11,silent,0,record
LC REC 15,LC,2010-12,silent,0,record
LC REC 15,LC,2011-01,silent,0,record
LC REC 15,LC,2011-02,silent,0,record
LC REC 15,LC,2011-03,silent,0,record
LC REC 15,LC,2011-04,silent,0,record
LC REC 15,LC,2011-05,silent,0,record
LC REC 15,LC,2011-06,silent,0,record
LC REC 15,LC,2011-07,silent,0,record
LC REC 15,LC,2011-08,silent,0,record
LC REC 15,LC,2011-09,silent,0,record
LC REC 15,LC,2011-10,silent,0,record
LC REC 15,LC,2011-11,unknown,0,none
LC REC 15,LC,2011-12,unknown,0,none
LC REC 15,LC,2012-01,unknown,0,none
LC REC 15,LC,2012-02,unknown,0,none
LC REC 15,LC,2012-03,unknown,0,none
LC REC 15,LC,2012-04,unknown,0,none
LC REC 15,LC,2012-05,unknown,0,none
LC REC 15,LC,2012-06,unknown,0,none
LC REC 15,LC,2012-07,unknown,0,none
LC REC 15,LC,2012-08,unknown,0,none
LC REC 15,LC,2012-09,unknown,0,none
LC REC 15,LC,2012-10,unknown,0,none
LC REC 15,LC,2012-11,unknown,0,none
LC REC 15,LC,2012-12,unknown,0,none
LC REC 15,LC,2013-01,unknown,0,none
LC REC 15,LC,2013-02,unknown,0,none
LC REC 15,LC,2013-03,unknown,0,none
LC REC 15,LC,2013-04,unknown,0,none
LC REC 15,LC,2013-05,unknown,0,none
LC REC 15,LC,2013-06,unknown,0,none
LC REC 15,LC,2013-07,unknown,0,none
LC REC 15,LC,2013-08,unknown,0,none
LC REC 15,LC,2013-09,unknown,0,none
LC REC 15,LC,2013-10,unknown,0,none
LC REC 15,LC,2013-11,unknown,0,none
LC REC 15,LC,2013-12,unknown,0,none
LC REC 15,LC,2014-01,unknown,0,none
LC REC 15,LC,2014-02,unknown,0,none
LC REC 15,LC,2014-03,unknown,0,none
LC REC 15,LC,2014-04,unknown,0,none
LC REC 15,LC,2014-05,unknown,0,none
LC REC 15,LC,2014-06,unknown,0,none
LC REC 15,LC,2014-07,unknown,0,none
LC REC 15,LC,2014-08,unknown,0,none
LC REC 15,LC,2014-09,unknown,0,none
LC REC 15,LC,2014-10,silent,0,record
LC REC 15,LC,2014-11,silent,0,record
LC REC 15,LC,2014-12,silent,0,record
LC REC 15,LC,2015-01,silent,0,record
LC REC 15,LC,2015-02,silent,0,record
LC REC 15,LC,2015-03,silent,0,record
LC REC 15,LC,2015-04,silent,0,record
LC REC 15,LC,2015-05,silent,0,record
LC REC 15,LC,2015-06,silent,0,record
LC REC 15,LC,2015-07,silent,0,record
LC REC 15,LC,2015-08,silent,0,record
LC REC 15,LC,2015-09,silent,0,record
LC REC 15,LC,2015-10,silent,0,record
LC REC 15,LC,2015-11,silent,0,record
LC REC 15,LC,2015-12,silent,0,record
LC REC 15,LC,2016-01,active,1,record
LC REC 15,LC,2016-02,active,1,record
LC REC 15,LC,2016-03,active,1,record
LC REC 15,LC,2016-04,active,1,record
LC REC 15,LC,2016-05,active,1,record
LC REC 15,LC,2016-06,active,1,record
LC REC 15,LC,2016-07,active,1,record
LC REC 15,LC,2016-08,active,1,record
LC REC 15,LC,2016-09,active,1,record
LC REC 15,LC,2016-10,active,1,record
LC REC 15,LC,2016-11,active,1,record
LC REC 15,LC,2016-12,active,1,record
LC REC 15,LC,2017-01,active,1,record
LC REC 15,LC,2017-02,active,1,record
LC REC 15,LC,2017-03,active,1,record
LC REC 15,LC,2017-04,active,1,record
LC REC 15,LC,2017-05,active,1,record
LC REC 15,LC,2017-06,active,1,record
LC REC 15,LC,2017-07,active,1,record
LC REC 15,LC,2017-08,active,1,record
LC REC 15,LC,2017-09,active,1,record
LC REC 15,LC,2017-10,active,1,record
LC REC 15,LC,2017-11,active,1,record
LC REC 15,LC,2017-12,active,1,record
LC REC 15,LC,2018-01,active,1,record
LC REC 15,LC,2018-02,active,1,record
LC REC 15,LC,2018-03,active,1,record
LC REC 15,LC,2018-04,active,1,record
LC REC 15,LC,2018-05,active,1,record
LC REC 15,LC,2018-06,active,1,record
LC REC 15,LC,2018-07,active,1,record
LC REC 15,LC,2018-08,active,1,record
LC REC 15,LC,2018-09,active,1,record
LC REC 15,LC,2018-10,active,1,record
LC REC 15,LC,2018-11,active,1,record
LC REC 15,LC,2018-12,active,1,record
LC REC 15,LC,2019-01,active,1,record
LC REC 15,LC,2019-02,active,1,record
LC REC 15,LC,2019-03,active,1,record
LC REC 15,LC,2019-04,active,1,record
LC REC 15,LC,2019-05,active,1,record
LC REC 15,LC,2019-06,active,1,record
LC REC 15,LC,2019-07,active,1,record
LC REC 15,LC,2019-08,active,1,record
LC REC 15,LC,2019-09,active,1,record
LC REC 15,LC,2019-10,active,1,record
LC REC 15,LC,2019-11,active,1,record
LC REC 15,LC,2019-12,active,1,record
LC REC 15,LC,2020-01,active,1,record
LC REC 15,LC,2020-02,active,1,record
LC REC 15,LC,2020-03,active,1,record
LC REC 15,LC,2020-04,active,1,record
LC REC 15,LC,2020-05,active,1,record
LC REC 15,LC,2020-06,active,1,record
LC REC 15,LC,2020-07,active,1,record
LC REC 15,LC,2020-08,active,1,record
LC REC 15,LC,2020-09,active,1,record
LC REC 15,LC,2020-10,active,1,record
LC REC 15,LC,2020-11,active,1,record
LC REC 15,LC,2020-12,active,1,record
LC REC 15,LC,2021-01,active,1,record
LC REC 15,LC,2021-02,active,1,record
LC REC 15,LC,2021-03,active,1,record
LC REC 15,LC,2021-04,active,1,record
LC REC 15,LC,2021-05,active,1,record
LC REC 15,LC,2021-06,active,1,record
LC REC 15,LC,2021-07,active,1,record
LC REC 15,LC,2021-08,active,1,record
LC REC 15,LC,2021-09,active,1,record
LC REC 15,LC,2021-10,active,1,record
LC REC 15,LC,2021-11,active,1,record
LC REC 15,LC,2021-12,active,1,record
LC REC 15,LC,2022-01,active,1,record
LC REC 15,LC,2022-02,active,1,record
LC REC 15,LC,2022-03,active,1,record
LC REC 15,LC,2022-04,silent,0,record
LC REC 15,LC,2022-05,silent,0,record
LC REC 15,LC,2022-06,silent,0,record
LC REC 15,LC,2022-07,silent,0,record
LC REC 15,LC,2022-08,silent,0,record
LC REC 15,LC,2022-09,silent,0,record
LC REC 15,LC,2022-10,silent,0,record
LC REC 15,LC,2022-11,silent,0,record
LC REC 15,LC,2022-12,silent,0,record
LC REC 15,LC,2023-01,silent,0,record
LC REC 15,LC,2023-02,active,1,record
LC REC 15,LC,2023-03,silent,0,record
LC REC 15,LC,2023-04,silent,0,record
LC REC 15,LC,2023-05,silent,0,record
LC REC 15,LC,2023-06,silent,0,record
LC REC 15,LC,2023-07,silent,0,record
LC REC 15,LC,2023-08,silent,0,record
LC REC 15,LC,2023-09,silent,0,record
LC REC 15,LC,2023-10,silent,0,record
LC REC 15,LC,2023-11,silent,0,record
LC REC 15,LC,2023-12,silent,0,record
LC REC 15,LC,2024-01,silent,0,record
LC REC 15,LC,2024-02,silent,0,record
LC REC 15,LC,2024-03,silent,0,record
LC REC 15,LC,2024-04,silent,0,record
LC REC 15,LC,2024-05,silent,0,record
LC REC 15,LC,2024-06,silent,0,record
LC REC 15,LC,2024-07,silent,0,record
LC REC 15,LC,2024-08,silent,0,record
LC REC 15,LC,2024-09,silent,0,record
LC REC 15,LC,2024-10,silent,0,record
LC REC 15,LC,2024-11,silent,0,record
LC REC 15,LC,2024-12,silent,0,record
LC REC 15,LC,2025-01,silent,0,record
LC REC 15,LC,2025-02,absent,0,inferred_no_record
LC REC 15,LC,2025-03,absent,0,inferred_no_record
LC REC 15,LC,2025-04,absent,0,inferred_no_record
LC REC 15,LC,2025-05,absent,0,inferred_no_record
LC REC 15,LC,2025-06,absent,0,inferred_no_record
LC REC 15,LC,2025-07,absent,0,inferred_no_record
LC REC 15,LC,2025-08,absent,0,inferred_no_record
LC REC 15,LC,2025-09,absent,0,inferred_no_record
LC REC 15,LC,2025-10,absent,0,inferred_no_record
LC REC 15,LC,2025-11,absent,0,inferred_no_record
LC REC 15,LC,2025-12,absent,0,inferred_no_record
LC REC 16,LC,2005-01,absent,0,inferred_no_record
LC REC 16,LC,2005-02,absent,0,inferred_no_record
LC REC 16,LC,2005-03,absent,0,inferred_no_record
LC REC 16,LC,2005-04,absent,0,inferred_no_record
LC REC 16,LC,2005-05,absent,0,inferred_no_record
LC REC 16,LC,2005-06,absent,0,inferred_no_record
LC REC 16,LC,2005-07,absent,0,inferred_no_record
LC REC 16,LC,2005-08,absent,0,inferred_no_record
LC REC 16,LC,2005-09,absent,0,inferred_no_record
LC REC 16,LC,2005-10,absent,0,inferred_no_record
LC REC 16,LC,2005-11,absent,0,inferred_no_record
LC REC 16,LC,2005-12,absent,0,inferred_no_record
LC REC 16,LC,2006-01,absent,0,inferred_no_record
LC REC 16,LC,2006-02,absent,0,inferred_no_record
LC REC 16,LC,2006-03,absent,0,inferred_no_record
LC REC 16,LC,2006-04,absent,0,inferred_no_record
LC REC 16,LC,2006-05,absent,0,inferred_no_record
LC REC 16,LC,2006-06,absent,0,inferred_no_record
LC REC 16,LC,2006-07,absent,0,inferred_no_record
LC REC 16,LC,2006-08,absent,0,inferred_no_record
LC REC 16,LC,2006-09,absent,0,inferred_no_record
LC REC 16,LC,2006-10,absent,0,inferred_no_record
LC REC 16,LC,2006-11,absent,0,inferred_no_record
LC REC 16,LC,2006-12,absent,0,inferred_no_record
LC REC 16,LC,2007-01,absent,0,inferred_no_record
LC REC 16,LC,2007-02,absent,0,inferred_no_record
LC REC 16,LC,2007-03,absent,0,inferred_no_record
LC REC 16,LC,2007-04,absent,0,inferred_no_record
LC REC 16,LC,2007-05,absent,0,inferred_no_record
LC REC 16,LC,2007-06,absent,0,inferred_no_record
LC REC 16,LC,2007-07,absent,0,inferred_no_record
LC REC 16,LC,2007-08,absent,0,inferred_no_record
LC REC 16,LC,2007-09,absent,0,inferred_no_record
LC REC 16,LC,2007-10,absent,0,inferred_no_record
LC REC 16,LC,2007-11,absent,0,inferred_no_record
LC REC 16,LC,2007-12,absent,0,inferred_no_record
LC REC 16,LC,2008-01,absent,0,inferred_no_record
LC REC 16,LC,2008-02,absent,0,inferred_no_record
LC REC 16,LC,2008-03,absent,0,inferred_no_record
LC REC 16,LC,2008-04,absent,0,inferred_no_record
LC REC 16,LC,2008-05,absent,0,inferred_no_record
LC REC 16,LC,2008-06,absent,0,inferred_no_record
LC REC 16,LC,2008-07,absent,0,inferred_no_record
LC REC 16,LC,2008-08,absent,0,inferred_no_record
LC REC 16,LC,2008-09,absent,0,inferred_no_record
LC REC 16,LC,2008-10,absent,0,inferred_no_record
LC REC 16,LC,2008-11,absent,0,inferred_no_record
LC REC 16,LC,2008-12,absent,0,inferred_no_record
LC REC 16,LC,2009-01,absent,0,inferred_no_record
LC REC 16,LC,2009-02,absent,0,inferred_no_record
LC REC 16,LC,2009-03,absent,0,inferred_no_record
LC REC 16,LC,2009-04,absent,0,inferred_no_record
LC REC 16,LC,2009-05,absent,0,inferred_no_record
LC REC 16,LC,2009-06,absent,0,inferred_no_record
LC REC 16,LC,2009-07,absent,0,inferred_no_record
LC REC 16,LC,2009-08,absent,0,inferred_no_record
LC REC 16,LC,2009-09,absent,0,inferred_no_record
LC REC 16,LC,2009-10,absent,0,inferred_no_record
LC REC 16,LC,2009-11,absent,0,inferred_no_record
LC REC 16,LC,2009-12,absent,0,inferred_no_record
LC REC 16,LC,2010-01,absent,0,inferred_no_record
LC REC 16,LC,2010-02,absent,0,inferred_no_record
LC REC 16,LC,2010-03,absent,0,inferred_no_record
LC REC 16,LC,2010-04,absent,0,inferred_no_record
LC REC 16,LC,2010-05,absent,0,inferred_no_record
LC REC 16,LC,2010-06,absent,0,inferred_no_record
LC REC 16,LC,2010-07,absent,0,inferred_no_record
LC REC 16,LC,2010-08,absent,0,inferred_no_record
LC REC 16,LC,2010-09,absent,0,inferred_no_record
LC REC 16,LC,2010-10,absent,0,inferred_no_record
LC REC 16,LC,2010-11,absent,0,inferred_no_record
LC REC 16,LC,2010-12,absent,0,inferred_no_record
LC REC 16,LC,2011-01,absent,0,inferred_no_record
LC REC 16,LC,2011-02,absent,0,inferred_no_record
LC REC 16,LC,2011-03,absent,0,inferred_no_record
LC REC 16,LC,2011-04,absent,0,inferred_no_record
LC REC 16,LC,2011-05,absent,0,inferred_no_record
LC REC 16,LC,2011-06,absent,0,inferred_no_record
LC REC 16,LC,2011-07,absent,0,inferred_no_record
LC REC 16,LC,2011-08,absent,0,inferred_no_record
LC REC 16,LC,2011-09,absent,0,inferred_no_record
LC REC 16,LC,2011-10,absent,0,inferred_no_record
LC REC 16,LC,2011-11,absent,0,inferred_no_record
LC REC 16,LC,2011-12,absent,0,inferred_no_record
LC REC 16,LC,2012-01,absent,0,inferred_no_record
LC REC 16,LC,2012-02,absent,0,inferred_no_record
LC REC 16,LC,2012-03,absent,0,inferred_no_record
LC REC 16,LC,2012-04,absent,0,inferred_no_record
LC REC 16,LC,2012-05,absent,0,inferred_no_record
LC REC 16,LC,2012-06,absent,0,inferred_no_record
LC REC 16,LC,2012-07,absent,0,inferred_no_record
LC REC 16,LC,2012-08,absent,0,inferred_no_record
LC REC 16,LC,2012-09,absent,0,inferred_no_record
LC REC 16,LC,2012-10,absent,0,inferred_no_record
LC REC 16,LC,2012-11,absent,0,inferred_no_record
LC REC 16,LC,2012-12,absent,0,inferred_no_record
LC REC 16,LC,2013-01,absent,0,inferred_no_record
LC REC 16,LC,2013-02,absent,0,inferred_no_record
LC REC 16,LC,2013-03,absent,0,inferred_no_record
LC REC 16,LC,2013-04,absent,0,inferred_no_record
LC REC 16,LC,2013-05,absent,0,inferred_no_record
LC REC 16,LC,2013-06,absent,0,inferred_no_record
LC REC 16,LC,2013-07,absent,0,inferred_no_record
LC REC 16,LC,2013-08,absent,0,inferred_no_record
LC REC 16,LC,2013-09,absent,0,inferred_no_record
LC REC 16,LC,2013-10,absent,0,inferred_no_record
LC REC 16,LC,2013-11,absent,0,inferred_no_record
LC REC 16,LC,2013-12,absent,0,inferred_no_record
LC REC 16,LC,2014-01,absent,0,inferred_no_record
LC REC 16,LC,2014-02,absent,0,inferred_no_record
LC REC 16,LC,2014-03,absent,0,inferred_no_record
LC REC 16,LC,2014-04,absent,0,inferred_no_record
LC REC 16,LC,2014-05,absent,0,inferred_no_record
LC REC 16,LC,2014-06,absent,0,inferred_no_record
LC REC 16,LC,2014-07,absent,0,inferred_no_record
LC REC 16,LC,2014-08,absent,0,inferred_no_record
LC REC 16,LC,2014-09,absent,0,inferred_no_record
LC REC 16,LC,2014-10,absent,0,inferred_no_record
LC REC 16,LC,2014-11,absent,0,inferred_no_record
LC REC 16,LC,2014-12,absent,0,inferred_no_record
LC REC 16,LC,2015-01,absent,0,inferred_no_record
LC REC 16,LC,2015-02,active,1,record
LC REC 16,LC,2015-03,active,1,record
LC REC 16,LC,2015-04,active,1,record
LC REC 16,LC,2015-05,active,1,record
LC REC 16,LC,2015-06,active,1,record
LC REC 16,LC,2015-07,active,1,record
LC REC 16,LC,2015-08,active,1,record
LC REC 16,LC,2015-09,active,1,record
LC REC 16,LC,2015-10,active,1,record
LC REC 16,LC,2015-11,active,1,record
LC REC 16,LC,2015-12,active,1,record
LC REC 16,LC,2016-01,active,1,record
LC REC 16,LC,2016-02,active,1,record
LC REC 16,LC,2016-03,active,1,record
LC REC 16,LC,2016-04,active,1,record
LC REC 16,LC,2016-05,active,1,record
LC REC 16,LC,2016-06,active,1,record
LC REC 16,LC,2016-07,active,1,record
LC REC 16,LC,2016-08,active,1,record
LC REC 16,LC,2016-09,active,1,record
LC REC 16,LC,2016-10,active,1,record
LC REC 16,LC,2016-11,active,1,record
LC REC 16,LC,2016-12,active,1,record
LC REC 16,LC,2017-01,active,1,record
LC REC 16,LC,2017-02,active,1,record
LC REC 16,LC,2017-03,active,1,record
LC REC 16,LC,2017-04,active,1,record
LC REC 16,LC,2017-05,active,1,record
LC REC 16,LC,2017-06,active,1,record
LC REC 16,LC,2017-07,active,1,record
LC REC 16,LC,2017-08,active,1,record
LC REC 16,LC,2017-09,active,1,record
LC REC 16,LC,2017-10,active,1,record
LC REC 16,LC,2017-11,active,1,record
LC REC 16,LC,2017-12,active,1,record
LC REC 16,LC,2018-01,active,1,record
LC REC 16,LC,2018-02,active,1,record
LC REC 16,LC,2018-03,active,1,record
LC REC 16,LC,2018-04,active,1,record
LC REC 16,LC,2018-05,active,1,record
LC REC 16,LC,2018-06,active,1,record
LC REC 16,LC,2018-07,active,1,record
LC REC 16,LC,2018-08,active,1,record
LC REC 16,LC,2018-09,active,1,record
LC REC 16,LC,2018-10,active,1,record
LC REC 16,LC,2018-11,active,1,record
LC REC 16,LC,2018-12,silent,0,record
LC REC 16,LC,2019-01,active,1,record
LC REC 16,LC,2019-02,active,1,record
LC REC 16,LC,2019-03,active,1,record
LC REC 16,LC,2019-04,active,1,record
LC REC 16,LC,2019-05,active,1,record
LC REC 16,LC,2019-06,active,1,record
LC REC 16,LC,2019-07,active,1,record
LC REC 16,LC,2019-08,active,1,record
LC REC 16,LC,2019-09,silent,0,record
LC REC 16,LC,2019-10,active,1,record
LC REC 16,LC,2019-11,silent,0,record
LC REC 16,LC,2019-12,active,1,record
LC REC 16,LC,2020-01,active,1,record
LC REC 16,LC,2020-02,active,1,record
LC REC 16,LC,2020-03,active,1,record
LC REC 16,LC,2020-04,active,1,record
LC REC 16,LC,2020-05,silent,0,record
LC REC 16,LC,2020-06,active,1,record
LC REC 16,LC,2020-07,silent,0,record
LC REC 16,LC,2020-08,silent,0,record
LC REC 16,LC,2020-09,silent,0,record
LC REC 16,LC,2020-10,active,1,record
LC REC 16,LC,2020-11,active,1,record
LC REC 16,LC,2020-12,active,1,record
LC REC 16,LC,2021-01,active,1,record
LC REC 16,LC,2021-02,active,1,record
LC REC 16,LC,2021-03,active,1,record
LC REC 16,LC,2021-04,active,1,record
LC REC 16,LC,2021-05,active,1,record
LC REC 16,LC,2021-06,silent,0,record
LC REC 16,LC,2021-07,silent,0,record
LC REC 16,LC,2021-08,silent,0,record
LC REC 16,LC,2021-09,silent,0,record
LC REC 16,LC,2021-10,active,1,record
LC REC 16,LC,2021-11,silent,0,record
LC REC 16,LC,2021-12,silent,0,record
LC REC 16,LC,2022-01,active,1,record
LC REC 16,LC,2022-02,active,1,record
LC REC 16,LC,2022-03,silent,0,record
LC REC 16,LC,2022-04,silent,0,record
LC REC 16,LC,2022-05,silent,0,record
LC REC 16,LC,2022-06,silent,0,record
LC REC 16,LC,2022-07,silent,0,record
LC REC 16,LC,2022-08,silent,0,record
LC REC 16,LC,2022-09,silent,0,record
LC REC 16,LC,2022-10,silent,0,record
LC REC 16,LC,2022-11,silent,0,record
LC REC 16,LC,2022-12,active,1,record
LC REC 16,LC,2023-01,silent,0,record
LC REC 16,LC,2023-02,active,1,record
LC REC 16,LC,2023-03,active,1,record
LC REC 16,LC,2023-04,active,1,record
LC REC 16,LC,2023-05,silent,0,record
LC REC 16,LC,2023-06,silent,0,record
LC REC 16,LC,2023-07,silent,0,record
LC REC 16,LC,2023-08,silent,0,record
LC REC 16,LC,2023-09,silent,0,record
LC REC 16,LC,2023-10,silent,0,record
LC REC 16,LC,2023-11,silent,0,record
LC REC 16,LC,2023-12,silent,0,record
LC REC 16,LC,2024-01,active,1,record
LC REC 16,LC,2024-02,active,1,record
LC REC 16,LC,2024-03,active,1,record
LC REC 16,LC,2024-04,active,1,record
LC REC 16,LC,2024-05,active,1,record
LC REC 16,LC,2024-06,silent,0,record
LC REC 16,LC,2024-07,silent,0,record
LC REC 16,LC,2024-08,silent,0,record
LC REC 16,LC,2024-09,silent,0,record
LC REC 16,LC,2024-10,silent,0,record
LC REC 16,LC,2024-11,silent,0,record
LC REC 16,LC,2024-12,silent,0,record
LC REC 16,LC,2025-01,silent,0,record
LC REC 16,LC,2025-02,absent,0,inferred_no_record
LC REC 16,LC,2025-03,absent,0,inferred_no_record
LC REC 16,LC,2025-04,absent,0,inferred_no_record
LC REC 16,LC,2025-05,absent,0,inferred_no_record
LC REC 16,LC,2025-06,absent,0,inferred_no_record
LC REC 16,LC,2025-07,absent,0,inferred_no_record
LC REC 16,LC,2025-08,absent,0,inferred_no_record
LC REC 16,LC,2025-09,absent,0,inferred_no_record
LC REC 16,LC,2025-10,absent,0,inferred_no_record
LC REC 16,LC,2025-11,absent,0,inferred_no_record
LC REC 16,LC,2025-12,absent,0,inferred_no_record
LC REC 3,LC,2005-01,active,1,record
LC REC 3,LC,2005-02,active,1,record
LC REC 3,LC,2005-03,active,1,record
LC REC 3,LC,2005-04,active,1,record
LC REC 3,LC,2005-05,active,1,record
LC REC 3,LC,2005-06,active,1,record
LC REC 3,LC,2005-07,active,1,record
LC REC 3,LC,2005-08,active,1,record
LC REC 3,LC,2005-09,active,1,record
LC REC 3,LC,2005-10,active,1,record
LC REC 3,LC,2005-11,active,1,record
LC REC 3,LC,2005-12,active,1,record
LC REC 3,LC,2006-01,active,1,record
LC REC 3,LC,2006-02,active,1,record
LC REC 3,LC,2006-03,active,1,record
LC REC 3,LC,2006-04,active,1,record
LC REC 3,LC,2006-05,active,1,record
LC REC 3,LC,2006-06,active,1,record
LC REC 3,LC,2006-07,active,1,record
LC REC 3,LC,2006-08,active,1,record
LC REC 3,LC,2006-09,active,1,record
LC REC 3,LC,2006-10,active,1,record
LC REC 3,LC,2006-11,silent,0,record
LC REC 3,LC,2006-12,silent,0,record
LC REC 3,LC,2007-01,active,1,record
LC REC 3,LC,2007-02,active,1,record
LC REC 3,LC,2007-03,active,1,record
LC REC 3,LC,2007-04,silent,0,record
LC REC 3,LC,2007-05,silent,0,record
LC REC 3,LC,2007-06,silent,0,record
LC REC 3,LC,2007-07,silent,0,record
LC REC 3,LC,2007-08,silent,0,record
LC REC 3,LC,2007-09,silent,0,record
LC REC 3,LC,2007-10,silent,0,record
LC REC 3,LC,2007-11,silent,0,record
LC REC 3,LC,2007-12,silent,0,record
LC REC 3,LC,2008-01,silent,0,record
LC REC 3,LC,2008-02,active,1,record
LC REC 3,LC,2008-03,active,1,record
LC REC 3,LC,2008-04,silent,0,record
LC REC 3,LC,2008-05,silent,0,record
LC REC 3,LC,2008-06,unknown,0,none
LC REC 3,LC,2008-07,unknown,0,none
LC REC 3,LC,2008-08,unknown,0,none
LC REC 3,LC,2008-09,unknown,0,none
LC REC 3,LC,2008-10,unknown,0,none
LC REC 3,LC,2008-11,unknown,0,none
LC REC 3,LC,2008-12,unknown,0,none
LC REC 3,LC,2009-01,unknown,0,none
LC REC 3,LC,2009-02,unknown,0,none
LC REC 3,LC,2009-03,unknown,0,none
LC REC 3,LC,2009-04,unknown,0,none
LC REC 3,LC,2009-05,unknown,0,none
LC REC 3,LC,2009-06,unknown,0,none
LC REC 3,LC,2009-07,unknown,0,none
LC REC 3,LC,2009-08,unknown,0,none
LC REC 3,LC,2009-09,unknown,0,none
LC REC 3,LC,2009-10,unknown,0,none
LC REC 3,LC,2009-11,unknown,0,none
LC REC 3,LC,2009-12,unknown,0,none
LC REC 3,LC,2010-01,unknown,0,none
LC REC 3,LC,2010-02,unknown,0,none
LC REC 3,LC,2010-03,unknown,0,none
LC REC 3,LC,2010-04,unknown,0,none
LC REC 3,LC,2010-05,unknown,0,none
LC REC 3,LC,2010-06,unknown,0,none
LC REC 3,LC,2010-07,unknown,0,none
LC REC 3,LC,2010-08,unknown,0,none
LC REC 3,LC,2010-09,unknown,0,none
LC REC 3,LC,2010-10,unknown,0,none
LC REC 3,LC,2010-11,unknown,0,none
LC REC 3,LC,2010-12,unknown,0,none
LC REC 3,LC,2011-01,unknown,0,none
LC REC 3,LC,2011-02,unknown,0,none
LC REC 3,LC,2011-03,unknown,0,none
LC REC 3,LC,2011-04,unknown,0,none
LC REC 3,LC,2011-05,unknown,0,none
LC REC 3,LC,2011-06,unknown,0,none
LC REC 3,LC,2011-07,unknown,0,none
LC REC 3,LC,2011-08,unknown,0,none
LC REC 3,LC,2011-09,unknown,0,none
LC REC 3,LC,2011-10,unknown,0,none
LC REC 3,LC,2011-11,unknown,0,none
LC REC 3,LC,2011-12,unknown,0,none
LC REC 3,LC,2012-01,unknown,0,none
LC REC 3,LC,2012-02,unknown,0,none
LC REC 3,LC,2012-03,unknown,0,none
LC REC 3,LC,2012-04,unknown,0,none
LC REC 3,LC,2012-05,unknown,0,none
LC REC 3,LC,2012-06,unknown,0,none
LC REC 3,LC,2012-07,unknown,0,none
LC REC 3,LC,2012-08,unknown,0,none
LC REC 3,LC,2012-09,unknown,0,none
LC REC 3,LC,2012-10,unknown,0,none
LC REC 3,LC,2012-11,unknown,0,none
LC REC 3,LC,2012-12,unknown,0,none
LC REC 3,LC,2013-01,unknown,0,none
LC REC 3,LC,2013-02,unknown,0,none
LC REC 3,LC,2013-03,unknown,0,none
LC REC 3,LC,2013-04,unknown,0,none
LC REC 3,LC,2013-05,unknown,0,none
LC REC 3,LC,2013-06,unknown,0,none
LC REC 3,LC,2013-07,unknown,0,none
LC REC 3,LC,2013-08,unknown,0,none
LC REC 3,LC,2013-09,unknown,0,none
LC REC 3,LC,2013-10,unknown,0,none
LC REC 3,LC,2013-11,unknown,0,none
LC REC 3,LC,2013-12,unknown,0,none
LC REC 3,LC,2014-01,unknown,0,none
LC REC 3,LC,2014-02,unknown,0,none
LC REC 3,LC,2014-03,unknown,0,none
LC REC 3,LC,2014-04,unknown,0,none
LC REC 3,LC,2014-05,unknown,0,none
LC REC 3,LC,2014-06,unknown,0,none
LC REC 3,LC,2014-07,unknown,0,none
LC REC 3,LC,2014-08,unknown,0,none
LC REC 3,LC,2014-09,unknown,0,none
LC REC 3,LC,2014-10,silent,0,record
LC REC 3,LC,2014-11,silent,0,record
LC REC 3,LC,2014-12,silent,0,record
LC REC 3,LC,2015-01,silent,0,record
LC REC 3,LC,2015-02,silent,0,record
LC REC 3,LC,2015-03,silent,0,record
LC REC 3,LC,2015-04,silent,0,record
LC REC 3,LC,2015-05,silent,0,record
LC REC 3,LC,2015-06,silent,0,record
LC REC 3,LC,2015-07,silent,0,record
LC REC 3,LC,2015-08,silent,0,record
LC REC 3,LC,2015-09,silent,0,record
LC REC 3,LC,2015-10,silent,0,record
LC REC 3,LC,2015-11,silent,0,record
LC REC 3,LC,2015-12,silent,0,record
LC REC 3,LC,2016-01,active,1,record
LC REC 3,LC,2016-02,active,1,record
LC REC 3,LC,2016-03,active,1,record
LC REC 3,LC,2016-04,active,1,record
LC REC 3,LC,2016-05,active,1,record
LC REC 3,LC,2016-06,active,1,record
LC REC 3,LC,2016-07,active,1,record
LC REC 3,LC,2016-08,active,1,record
LC REC 3,LC,2016-09,active,1,record
LC REC 3,LC,2016-10,active,1,record
LC REC 3,LC,2016-11,active,1,record
LC REC 3,LC,2016-12,silent,0,record
LC REC 3,LC,2017-01,active,1,record
LC REC 3,LC,2017-02,active,1,record
LC REC 3,LC,2017-03,active,1,record
LC REC 3,LC,2017-04,active,1,record
LC REC 3,LC,2017-05,active,1,record
LC REC 3,LC,2017-06,active,1,record
LC REC 3,LC,2017-07,active,1,record
LC REC 3,LC,2017-08,active,1,record
LC REC 3,LC,2017-09,active,1,record
LC REC 3,LC,2017-10,active,1,record
LC REC 3,LC,2017-11,active,1,record
LC REC 3,LC,2017-12,active,1,record
LC REC 3,LC,2018-01,active,1,record
LC REC 3,LC,2018-02,active,1,record
LC REC 3,LC,2018-03,active,1,record
LC REC 3,LC,2018-04,active,1,record
LC REC 3,LC,2018-05,active,1,record
LC REC 3,LC,2018-06,active,1,record
LC REC 3,LC,2018-07,active,1,record
LC REC 3,LC,2018-08,active,1,record
LC REC 3,LC,2018-09,active,1,record
LC REC 3,LC,2018-10,active,1,record
LC REC 3,LC,2018-11,active,1,record
LC REC 3,LC,2018-12,active,1,record
LC REC 3,LC,2019-01,active,1,record
LC REC 3,LC,2019-02,active,1,record
LC REC 3,LC,2019-03,active,1,record
LC REC 3,LC,2019-04,active,1,record
LC REC 3,LC,2019-05,active,1,record
LC REC 3,LC,2019-06,active,1,record
LC REC 3,LC,2019-07,silent,0,record
LC REC 3,LC,2019-08,silent,0,record
LC REC 3,LC,2019-09,active,1,record
LC REC 3,LC,2019-10,active,1,record
LC REC 3,LC,2019-11,active,1,record
LC REC 3,LC,2019-12,active,1,record
LC REC 3,LC,2020-01,active,1,record
LC REC 3,LC,2020-02,active,1,record
LC REC 3,LC,2020-03,active,1,record
LC REC 3,LC,2020-04,active,1,record
LC REC 3,LC,2020-05,active,1,record
LC REC 3,LC,2020-06,active,1,record
LC REC 3,LC,2020-07,active,1,record
LC REC 3,LC,2020-08,silent,0,record
LC REC 3,LC,2020-09,silent,0,record
LC REC 3,LC,2020-10,active,1,record
LC REC 3,LC,2020-11,silent,0,record
LC REC 3,LC,2020-12,active,1,record
LC REC 3,LC,2021-01,active,1,record
LC REC 3,LC,2021-02,active,1,record
LC REC 3,LC,2021-03,active,1,record
LC REC 3,LC,2021-04,active,1,record
LC REC 3,LC,2021-05,active,1,record
LC REC 3,LC,2021-06,silent,0,record
LC REC 3,LC,2021-07,silent,0,record
LC REC 3,LC,2021-08,silent,0,record
LC REC 3,LC,2021-09,silent,0,record
LC REC 3,LC,2021-10,active,1,record
LC REC 3,LC,2021-11,silent,0,record
LC REC 3,LC,2021-12,silent,0,record
LC REC 3,LC,2022-01,active,1,record
LC REC 3,LC,2022-02,active,1,record
LC REC 3,LC,2022-03,active,1,record
LC REC 3,LC,2022-04,active,1,record
LC REC 3,LC,2022-05,silent,0,record
LC REC 3,LC,2022-06,silent,0,record
LC REC 3,LC,2022-07,silent,0,record
LC REC 3,LC,2022-08,silent,0,record
LC REC 3,LC,2022-09,active,1,record
LC REC 3,LC,2022-10,silent,0,record
LC REC 3,LC,2022-11,silent,0,record
LC REC 3,LC,2022-12,silent,0,record
LC REC 3,LC,2023-01,silent,0,record
LC REC 3,LC,2023-02,silent,0,record
LC REC 3,LC,2023-03,silent,0,record
LC REC 3,LC,2023-04,silent,0,record
LC REC 3,LC,2023-05,silent,0,record
LC REC 3,LC,2023-06,silent,0,record
LC REC 3,LC,2023-07,silent,0,record
LC REC 3,LC,2023-08,silent,0,record
LC REC 3,LC,2023-09,silent,0,record
LC REC 3,LC,2023-10,silent,0,record
LC REC 3,LC,2023-11,silent,0,record
LC REC 3,LC,2023-12,silent,0,record
LC REC 3,LC,2024-01,silent,0,record
LC REC 3,LC,2024-02,silent,0,record
LC REC 3,LC,2024-03,silent,0,record
LC REC 3,LC,2024-04,silent,0,record
LC REC 3,LC,2024-05,silent,0,record
LC REC 3,LC,2024-06,silent,0,record
LC REC 3,LC,2024-07,silent,0,record
LC REC 3,LC,2024-08,silent,0,record
LC REC 3,LC,2024-09,silent,0,record
LC REC 3,LC,2024-10,silent,0,record
LC REC 3,LC,2024-11,silent,0,record
LC REC 3,LC,2024-12,silent,0,record
LC REC 3,LC,2025-01,silent,0,record
LC REC 3,LC,2025-02,absent,0,inferred_no_record
LC REC 3,LC,2025-03,absent,0,inferred_no_record
LC REC 3,LC,2025-04,absent,0,inferred_no_record
LC REC 3,LC,2025-05,absent,0,inferred_no_record
LC REC 3,LC,2025-06,absent,0,inferred_no_record
LC REC 3,LC,2025-07,absent,0,inferred_no_record
LC REC 3,LC,2025-08,absent,0,inferred_no_record
LC REC 3,LC,2025-09,absent,0,inferred_no_record
LC REC 3,LC,2025-10,absent,0,inferred_no_record
LC REC 3,LC,2025-11,absent,0,inferred_no_record
LC REC 3,LC,2025-12,absent,0,inferred_no_record
LC REC 4,LC,2005-01,active,1,record
LC REC 4,LC,2005-02,active,1,record
LC REC 4,LC,2005-03,active,1,record
LC REC 4,LC,2005-04,active,1,record
LC REC 4,LC,2005-05,active,1,record
LC REC 4,LC,2005-06,active,1,record
LC REC 4,LC,2005-07,active,1,record
LC REC 4,LC,2005-08,active,1,record
LC REC 4,LC,2005-09,active,1,record
LC REC 4,LC,2005-10,active,1,record
LC REC 4,LC,2005-11,active,1,record
LC REC 4,LC,2005-12,active,1,record
LC REC 4,LC,2006-01,active,1,record
LC REC 4,LC,2006-02,active,1,record
LC REC 4,LC,2006-03,active,1,record
LC REC 4,LC,2006-04,active,1,record
LC REC 4,LC,2006-05,active,1,record
LC REC 4,LC,2006-06,active,1,record
LC REC 4,LC,2006-07,active,1,record
LC REC 4,LC,2006-08,active,1,record
LC REC 4,LC,2006-09,active,1,record
LC REC 4,LC,2006-10,active,1,record
LC REC 4,LC,2006-11,active,1,record
LC REC 4,LC,2006-12,active,1,record
LC REC 4,LC,2007-01,active,1,record
LC REC 4,LC,2007-02,active,1,record
LC REC 4,LC,2007-03,silent,0,record
LC REC 4,LC,2007-04,silent,0,record
LC REC 4,LC,2007-05,silent,0,download_header
LC REC 4,LC,2007-06,silent,0,download_header
LC REC 4,LC,2007-07,silent,0,download_header
LC REC 4,LC,2007-08,silent,0,download_header
LC REC 4,LC,2007-09,silent,0,download_header
LC REC 4,LC,2007-10,silent,0,record
LC REC 4,LC,2007-11,silent,0,record
LC REC 4,LC,2007-12,silent,0,record
LC REC 4,LC,2008-01,silent,0,record
LC REC 4,LC,2008-02,active,1,record
LC REC 4,LC,2008-03,active,1,record
LC REC 4,LC,2008-04,silent,0,record
LC REC 4,LC,2008-05,silent,0,record
LC REC 4,LC,2008-06,unknown,0,none
LC REC 4,LC,2008-07,unknown,0,none
LC REC 4,LC,2008-08,unknown,0,none
LC REC 4,LC,2008-09,unknown,0,none
LC REC 4,LC,2008-10,unknown,0,none
LC REC 4,LC,2008-11,unknown,0,none
LC REC 4,LC,2008-12,unknown,0,none
LC REC 4,LC,2009-01,unknown,0,none
LC REC 4,LC,2009-02,unknown,0,none
LC REC 4,LC,2009-03,unknown,0,none
LC REC 4,LC,2009-04,unknown,0,none
LC REC 4,LC,2009-05,unknown,0,none
LC REC 4,LC,2009-06,unknown,0,none
LC REC 4,LC,2009-07,unknown,0,none
LC REC 4,LC,2009-08,unknown,0,none
LC REC 4,LC,2009-09,unknown,0,none
LC REC 4,LC,2009-10,unknown,0,none
LC REC 4,LC,2009-11,unknown,0,none
LC REC 4,LC,2009-12,unknown,0,none
LC REC 4,LC,2010-01,unknown,0,none
LC REC 4,LC,2010-02,unknown,0,none
LC REC 4,LC,2010-03,unknown,0,none
LC REC 4,LC,2010-04,unknown,0,none
LC REC 4,LC,2010-05,unknown,0,none
LC REC 4,LC,2010-06,unknown,0,none
LC REC 4,LC,2010-07,unknown,0,none
LC REC 4,LC,2010-08,unknown,0,none
LC REC 4,LC,2010-09,unknown,0,none
LC REC 4,LC,2010-10,unknown,0,none
LC REC 4,LC,2010-11,unknown,0,none
LC REC 4,LC,2010-12,unknown,0,none
LC REC 4,LC,2011-01,unknown,0,none
LC REC 4,LC,2011-02,unknown,0,none
LC REC 4,LC,2011-03,unknown,0,none
LC REC 4,LC,2011-04,unknown,0,none
LC REC 4,LC,2011-05,unknown,0,none
LC REC 4,LC,2011-06,unknown,0,none
LC REC 4,LC,2011-07,unknown,0,none
LC REC 4,LC,2011-08,unknown,0,none
LC REC 4,LC,2011-09,unknown,0,none
LC REC 4,LC,2011-10,unknown,0,none
LC REC 4,LC,2011-11,unknown,0,none
LC REC 4,LC,2011-12,unknown,0,none
LC REC 4,LC,2012-01,unknown,0,none
LC REC 4,LC,2012-02,unknown,0,none
LC REC 4,LC,2012-03,unknown,0,none
LC REC 4,LC,2012-04,unknown,0,none
LC REC 4,LC,2012-05,unknown,0,none
LC REC 4,LC,2012-06,unknown,0,none
LC REC 4,LC,2012-07,unknown,0,none
LC REC 4,LC,2012-08,unknown,0,none
LC REC 4,LC,2012-09,unknown,0,none
LC REC 4,LC,2012-10,unknown,0,none
LC REC 4,LC,2012-11,unknown,0,none
LC REC 4,LC,2012-12,unknown,0,none
LC REC 4,LC,2013-01,unknown,0,none
LC REC 4,LC,2013-02,unknown,0,none
LC REC 4,LC,2013-03,unknown,0,none
LC REC 4,LC,2013-04,unknown,0,none
LC REC 4,LC,2013-05,unknown,0,none
LC REC 4,LC,2013-06,unknown,0,none
LC REC 4,LC,2013-07,unknown,0,none
LC REC 4,LC,2013-08,unknown,0,none
LC REC 4,LC,2013-09,unknown,0,none
LC REC 4,LC,2013-10,unknown,0,none
LC REC 4,LC,2013-11,unknown,0,none
LC REC 4,LC,2013-12,unknown,0,none
LC REC 4,LC,2014-01,unknown,0,none
LC REC 4,LC,2014-02,unknown,0,none
LC REC 4,LC,2014-03,unknown,0,none
LC REC 4,LC,2014-04,unknown,0,none
LC REC 4,LC,2014-05,unknown,0,none
LC REC 4,LC,2014-06,unknown,0,none
LC REC 4,LC,2014-07,unknown,0,none
LC REC 4,LC,2014-08,unknown,0,none
LC REC 4,LC,2014-09,unknown,0,none
LC REC 4,LC,2014-10,unknown,0,none
LC REC 4,LC,2014-11,unknown,0,none
LC REC 4,LC,2014-12,unknown,0,none
LC REC 4,LC,2015-01,unknown,0,none
LC REC 4,LC,2015-02,unknown,0,none
LC REC 4,LC,2015-03,active,1,record
LC REC 4,LC,2015-04,active,1,record
LC REC 4,LC,2015-05,active,1,record
LC REC 4,LC,2015-06,active,1,record
LC REC 4,LC,2015-07,active,1,record
LC REC 4,LC,2015-08,active,1,record
LC REC 4,LC,2015-09,active,1,record
LC REC 4,LC,2015-10,active,1,record
LC REC 4,LC,2015-11,active,1,record
LC REC 4,LC,2015-12,active,1,record
LC REC 4,LC,2016-01,active,1,record
LC REC 4,LC,2016-02,active,1,record
LC REC 4,LC,2016-03,active,1,record
LC REC 4,LC,2016-04,active,1,record
LC REC 4,LC,2016-05,active,1,record
LC REC 4,LC,2016-06,active,1,record
LC REC 4,LC,2016-07,active,1,record
LC REC 4,LC,2016-08,active,1,record
LC REC 4,LC,2016-09,active,1,record
LC REC 4,LC,2016-10,active,1,record
LC REC 4,LC,2016-11,active,1,record
LC REC 4,LC,2016-12,active,1,record
LC REC 4,LC,2017-01,active,1,record
LC REC 4,LC,2017-02,active,1,record
LC REC 4,LC,2017-03,active,1,record
LC REC 4,LC,2017-04,active,1,record
LC REC 4,LC,2017-05,active,1,record
LC REC 4,LC,2017-06,active,1,record
LC REC 4,LC,2017-07,active,1,record
LC REC 4,LC,2017-08,active,1,record
LC REC 4,LC,2017-09,active,1,record
LC REC 4,LC,2017-10,active,1,record
LC REC 4,LC,2017-11,active,1,record
LC REC 4,LC,2017-12,active,1,record
LC REC 4,LC,2018-01,active,1,record
LC REC 4,LC,2018-02,active,1,record
LC REC 4,LC,2018-03,active,1,record
LC REC 4,LC,2018-04,active,1,record
LC REC 4,LC,2018-05,active,1,record
LC REC 4,LC,2018-06,active,1,record
LC REC 4,LC,2018-07,active,1,record
LC REC 4,LC,2018-08,active,1,record
LC REC 4,LC,2018-09,active,1,record
LC REC 4,LC,2018-10,active,1,record
LC REC 4,LC,2018-11,active,1,record
LC REC 4,LC,2018-12,active,1,record
LC REC 4,LC,2019-01,active,1,record
LC REC 4,LC,2019-02,active,1,record
LC REC 4,LC,2019-03,active,1,record
LC REC 4,LC,2019-04,active,1,record
LC REC 4,LC,2019-05,active,1,record
LC REC 4,LC,2019-06,active,1,record
LC REC 4,LC,2019-07,active,1,record
LC REC 4,LC,2019-08,active,1,record
LC REC 4,LC,2019-09,active,1,record
LC REC 4,LC,2019-10,active,1,record
LC REC 4,LC,2019-11,active,1,record
LC REC 4,LC,2019-12,active,1,record
LC REC 4,LC,2020-01,active,1,record
LC REC 4,LC,2020-02,active,1,record
LC REC 4,LC,2020-03,active,1,record
LC REC 4,LC,2020-04,active,1,record
LC REC 4,LC,2020-05,active,1,record
LC REC 4,LC,2020-06,active,1,record
LC REC 4,LC,2020-07,active,1,record
LC REC 4,LC,2020-08,active,1,record
LC REC 4,LC,2020-09,active,1,record
LC REC 4,LC,2020-10,active,1,record
LC REC 4,LC,2020-11,active,1,record
LC REC 4,LC,2020-12,active,1,record
LC REC 4,LC,2021-01,active,1,record
LC REC 4,LC,2021-02,active,1,record
LC REC 4,LC,2021-03,active,1,record
LC REC 4,LC,2021-04,active,1,record
LC REC 4,LC,2021-05,active,1,record
LC REC 4,LC,2021-06,active,1,record
LC REC 4,LC,2021-07,active,1,record
LC REC 4,LC,2021-08,active,1,record
LC REC 4,LC,2021-09,active,1,record
LC REC 4,LC,2021-10,active,1,record
LC REC 4,LC,2021-11,active,1,record
LC REC 4,LC,2021-12,active,1,record
LC REC 4,LC,2022-01,active,1,record
LC REC 4,LC,2022-02,active,1,record
LC REC 4,LC,2022-03,active,1,record
LC REC 4,LC,2022-04,active,1,record
LC REC 4,LC,2022-05,active,1,record
LC REC 4,LC,2022-06,active,1,record
LC REC 4,LC,2022-07,active,1,record
LC REC 4,LC,2022-08,active,1,record
LC REC 4,LC,2022-09,active,1,record
LC REC 4,LC,2022-10,active,1,record
LC REC 4,LC,2022-11,active,1,record
LC REC 4,LC,2022-12,active,1,record
LC REC 4,LC,2023-01,active,1,record
LC REC 4,LC,2023-02,active,1,record
LC REC 4,LC,2023-03,active,1,record
LC REC 4,LC,2023-04,active,1,record
LC REC 4,LC,2023-05,active,1,record
LC REC 4,LC,2023-06,active,1,record
LC REC 4,LC,2023-07,active,1,record
LC REC 4,LC,2023-08,active,1,record
LC REC 4,LC,2023-09,active,1,record
LC REC 4,LC,2023-10,active,1,record
LC REC 4,LC,2023-11,active,1,record
LC REC 4,LC,2023-12,active,1,record
LC REC 4,LC,2024-01,active,1,record
LC REC 4,LC,2024-02,active,1,record
LC REC 4,LC,2024-03,active,1,record
LC REC 4,LC,2024-04,active,1,record
LC REC 4,LC,2024-05,active,1,record
LC REC 4,LC,2024-06,active,1,record
LC REC 4,LC,2024-07,active,1,record
LC REC 4,LC,2024-08,active,1,record
LC REC 4,LC,2024-09,active,1,record
LC REC 4,LC,2024-10,active,1,record
LC REC 4,LC,2024-11,active,1,record
LC REC 4,LC,2024-12,active,1,record
LC REC 4,LC,2025-01,silent,0,record
LC REC 4,LC,2025-02,absent,0,inferred_no_record
LC REC 4,LC,2025-03,absent,0,inferred_no_record
LC REC 4,LC,2025-04,absent,0,inferred_no_record
LC REC 4,LC,2025-05,absent,0,inferred_no_record
LC REC 4,LC,2025-06,absent,0,inferred_no_record
LC REC 4,LC,2025-07,absent,0,inferred_no_record
LC REC 4,LC,2025-08,absent,0,inferred_no_record
LC REC 4,LC,2025-09,absent,0,inferred_no_record
LC REC 4,LC,2025-10,absent,0,inferred_no_record
LC REC 4,LC,2025-11,absent,0,inferred_no_record
LC REC 4,LC,2025-12,absent,0,inferred_no_record
LC REC 5,LC,2005-01,active,1,record
LC REC 5,LC,2005-02,active,1,record
LC REC 5,LC,2005-03,active,1,record
LC REC 5,LC,2005-04,active,1,record
LC REC 5,LC,2005-05,active,1,record
LC REC 5,LC,2005-06,active,1,record
LC REC 5,LC,2005-07,active,1,record
LC REC 5,LC,2005-08,active,1,record
LC REC 5,LC,2005-09,active,1,record
LC REC 5,LC,2005-10,active,1,record
LC REC 5,LC,2005-11,active,1,record
LC REC 5,LC,2005-12,active,1,record
LC REC 5,LC,2006-01,active,1,record
LC REC 5,LC,2006-02,active,1,record
LC REC 5,LC,2006-03,active,1,record
LC REC 5,LC,2006-04,active,1,record
LC REC 5,LC,2006-05,active,1,record
LC REC 5,LC,2006-06,active,1,record
LC REC 5,LC,2006-07,active,1,record
LC REC 5,LC,2006-08,active,1,record
LC REC 5,LC,2006-09,active,1,record
LC REC 5,LC,2006-10,active,1,record
LC REC 5,LC,2006-11,active,1,record
LC REC 5,LC,2006-12,active,1,record
LC REC 5,LC,2007-01,active,1,record
LC REC 5,LC,2007-02,active,1,record
LC REC 5,LC,2007-03,active,1,record
LC REC 5,LC,2007-04,active,1,record
LC REC 5,LC,2007-05,active,1,record
LC REC 5,LC,2007-06,active,1,record
LC REC 5,LC,2007-07,active,1,record
LC REC 5,LC,2007-08,active,1,record
LC REC 5,LC,2007-09,silent,0,record
LC REC 5,LC,2007-10,silent,0,record
LC REC 5,LC,2007-11,silent,0,record
LC REC 5,LC,2007-12,silent,0,record
LC REC 5,LC,2008-01,silent,0,record
LC REC 5,LC,2008-02,active,1,record
LC REC 5,LC,2008-03,active,1,record
LC REC 5,LC,2008-04,silent,0,record
LC REC 5,LC,2008-05,silent,0,record
LC REC 5,LC,2008-06,silent,0,record
LC REC 5,LC,2008-07,silent,0,record
LC REC 5,LC,2008-08,silent,0,record
LC REC 5,LC,2008-09,silent,0,record
LC REC 5,LC,2008-10,silent,0,record
LC REC 5,LC,2008-11,silent,0,record
LC REC 5,LC,2008-12,silent,0,record
LC REC 5,LC,2009-01,silent,0,record
LC REC 5,LC,2009-02,silent,0,record
LC REC 5,LC,2009-03,silent,0,record
LC REC 5,LC,2009-04,silent,0,record
LC REC 5,LC,2009-05,silent,0,record
LC REC 5,LC,2009-06,silent,0,record
LC REC 5,LC,2009-07,silent,0,record
LC REC 5,LC,2009-08,silent,0,record
LC REC 5,LC,2009-09,unknown,0,none
LC REC 5,LC,2009-10,unknown,0,none
LC REC 5,LC,2009-11,unknown,0,none
LC REC 5,LC,2009-12,unknown,0,none
LC REC 5,LC,2010-01,unknown,0,none
LC REC 5,LC,2010-02,unknown,0,none
LC REC 5,LC,2010-03,unknown,0,none
LC REC 5,LC,2010-04,unknown,0,none
LC REC 5,LC,2010-05,unknown,0,none
LC REC 5,LC,2010-06,unknown,0,none
LC REC 5,LC,2010-07,unknown,0,none
LC REC 5,LC,2010-08,unknown,0,none
LC REC 5,LC,2010-09,unknown,0,none
LC REC 5,LC,2010-10,unknown,0,none
LC REC 5,LC,2010-11,unknown,0,none
LC REC 5,LC,2010-12,unknown,0,none
LC REC 5,LC,2011-01,unknown,0,none
LC REC 5,LC,2011-02,unknown,0,none
LC REC 5,LC,2011-03,unknown,0,none
LC REC 5,LC,2011-04,unknown,0,none
LC REC 5,LC,2011-05,unknown,0,none
LC REC 5,LC,2011-06,unknown,0,none
LC REC 5,LC,2011-07,unknown,0,none
LC REC 5,LC,2011-08,unknown,0,none
LC REC 5,LC,2011-09,unknown,0,none
LC REC 5,LC,2011-10,unknown,0,none
LC REC 5,LC,2011-11,unknown,0,none
LC REC 5,LC,2011-12,unknown,0,none
LC REC 5,LC,2012-01,unknown,0,none
LC REC 5,LC,2012-02,unknown,0,none
LC REC 5,LC,2012-03,unknown,0,none
LC REC 5,LC,2012-04,unknown,0,none
LC REC 5,LC,2012-05,unknown,0,none
LC REC 5,LC,2012-06,unknown,0,none
LC REC 5,LC,2012-07,unknown,0,none
LC REC 5,LC,2012-08,unknown,0,none
LC REC 5,LC,2012-09,unknown,0,none
LC REC 5,LC,2012-10,unknown,0,none
LC REC 5,LC,2012-11,unknown,0,none
LC REC 5,LC,2012-12,unknown,0,none
LC REC 5,LC,2013-01,unknown,0,none
LC REC 5,LC,2013-02,unknown,0,none
LC REC 5,LC,2013-03,unknown,0,none
LC REC 5,LC,2013-04,unknown,0,none
LC REC 5,LC,2013-05,unknown,0,none
LC REC 5,LC,2013-06,unknown,0,none
LC REC 5,LC,2013-07,unknown,0,none
LC REC 5,LC,2013-08,unknown,0,none
LC REC 5,LC,2013-09,unknown,0,none
LC REC 5,LC,2013-10,unknown,0,none
LC REC 5,LC,2013-11,unknown,0,none
LC REC 5,LC,2013-12,unknown,0,none
LC REC 5,LC,2014-01,unknown,0,none
LC REC 5,LC,2014-02,unknown,0,none
LC REC 5,LC,2014-03,unknown,0,none
LC REC 5,LC,2014-04,unknown,0,none
LC REC 5,LC,2014-05,unknown,0,none
LC REC 5,LC,2014-06,unknown,0,none
LC REC 5,LC,2014-07,unknown,0,none
LC REC 5,LC,2014-08,unknown,0,none
LC REC 5,LC,2014-09,unknown,0,none
LC REC 5,LC,2014-10,unknown,0,none
LC REC 5,LC,2014-11,unknown,0,none
LC REC 5,LC,2014-12,unknown,0,none
LC REC 5,LC,2015-01,unknown,0,none
LC REC 5,LC,2015-02,unknown,0,none
LC REC 5,LC,2015-03,unknown,0,none
LC REC 5,LC,2015-04,unknown,0,none
LC REC 5,LC,2015-05,unknown,0,none
LC REC 5,LC,2015-06,unknown,0,none
LC REC 5,LC,2015-07,unknown,0,none
LC REC 5,LC,2015-08,unknown,0,none
LC REC 5,LC,2015-09,active,1,record
LC REC 5,LC,2015-10,active,1,record
LC REC 5,LC,2015-11,active,1,record
LC REC 5,LC,2015-12,active,1,record
LC REC 5,LC,2016-01,active,1,record
LC REC 5,LC,2016-02,active,1,record
LC REC 5,LC,2016-03,active,1,record
LC REC 5,LC,2016-04,active,1,record
LC REC 5,LC,2016-05,active,1,record
LC REC 5,LC,2016-06,active,1,record
LC REC 5,LC,2016-07,active,1,record
LC REC 5,LC,2016-08,active,1,record
LC REC 5,LC,2016-09,silent,0,record
LC REC 5,LC,2016-10,active,1,record
LC REC 5,LC,2016-11,active,1,record
LC REC 5,LC,2016-12,silent,0,record
LC REC 5,LC,2017-01,active,1,record
LC REC 5,LC,2017-02,active,1,record
LC REC 5,LC,2017-03,active,1,record
LC REC 5,LC,2017-04,active,1,record
LC REC 5,LC,2017-05,silent,0,record
LC REC 5,LC,2017-06,silent,0,record
LC REC 5,LC,2017-07,absent,0,record
LC REC 5,LC,2017-08,absent,0,record
LC REC 5,LC,2017-09,absent,0,record
LC REC 5,LC,2017-10,absent,0,record
LC REC 5,LC,2017-11,absent,0,record
LC REC 5,LC,2017-12,absent,0,record
LC REC 5,LC,2018-01,absent,0,record
LC REC 5,LC,2018-02,absent,0,record
LC REC 5,LC,2018-03,absent,0,record
LC REC 5,LC,2018-04,absent,0,record
LC REC 5,LC,2018-05,absent,0,record
LC REC 5,LC,2018-06,absent,0,record
LC REC 5,LC,2018-07,absent,0,record
LC REC 5,LC,2018-08,absent,0,record
LC REC 5,LC,2018-09,absent,0,record
LC REC 5,LC,2018-10,active,1,record
LC REC 5,LC,2018-11,active,1,record
LC REC 5,LC,2018-12,active,1,record
LC REC 5,LC,2019-01,active,1,record
LC REC 5,LC,2019-02,active,1,record
LC REC 5,LC,2019-03,active,1,record
LC REC 5,LC,2019-04,active,1,record
LC REC 5,LC,2019-05,active,1,record
LC REC 5,LC,2019-06,active,1,record
LC REC 5,LC,2019-07,active,1,record
LC REC 5,LC,2019-08,active,1,record
LC REC 5,LC,2019-09,active,1,record
LC REC 5,LC,2019-10,active,1,record
LC REC 5,LC,2019-11,active,1,record
LC REC 5,LC,2019-12,active,1,record
LC REC 5,LC,2020-01,active,1,record
LC REC 5,LC,2020-02,active,1,record
LC REC 5,LC,2020-03,active,1,record
LC REC 5,LC,2020-04,active,1,record
LC REC 5,LC,2020-05,active,1,record
LC REC 5,LC,2020-06,active,1,record
LC REC 5,LC,2020-07,active,1,record
LC REC 5,LC,2020-08,active,1,record
LC REC 5,LC,2020-09,active,1,record
LC REC 5,LC,2020-10,active,1,record
LC REC 5,LC,2020-11,active,1,record
LC REC 5,LC,2020-12,active,1,record
LC REC 5,LC,2021-01,active,1,record
LC REC 5,LC,2021-02,active,1,record
LC REC 5,LC,2021-03,active,1,record
LC REC 5,LC,2021-04,active,1,record
LC REC 5,LC,2021-05,active,1,record
LC REC 5,LC,2021-06,active,1,record
LC REC 5,LC,2021-07,active,1,record
LC REC 5,LC,2021-08,active,1,record
LC REC 5,LC,2021-09,active,1,record
LC REC 5,LC,2021-10,active,1,record
LC REC 5,LC,2021-11,active,1,record
LC REC 5,LC,2021-12,active,1,record
LC REC 5,LC,2022-01,active,1,record
LC REC 5,LC,2022-02,active,1,record
LC REC 5,LC,2022-03,active,1,record
LC REC 5,LC,2022-04,active,1,record
LC REC 5,LC,2022-05,active,1,record
LC REC 5,LC,2022-06,active,1,record
LC REC 5,LC,2022-07,active,1,record
LC REC 5,LC,2022-08,active,1,record
LC REC 5,LC,2022-09,active,1,record
LC REC 5,LC,2022-10,active,1,record
LC REC 5,LC,2022-11,active,1,record
LC REC 5,LC,2022-12,active,1,record
LC REC 5,LC,2023-01,active,1,record
LC REC 5,LC,2023-02,active,1,record
LC REC 5,LC,2023-03,active,1,record
LC REC 5,LC,2023-04,active,1,record
LC REC 5,LC,2023-05,active,1,record
LC REC 5,LC,2023-06,active,1,record
LC REC 5,LC,2023-07,active,1,record
LC REC 5,LC,2023-08,active,1,record
LC REC 5,LC,2023-09,active,1,record
LC REC 5,LC,2023-10,active,1,record
LC REC 5,LC,2023-11,active,1,record
LC REC 5,LC,2023-12,active,1,record
LC REC 5,LC,2024-01,active,1,record
LC REC 5,LC,2024-02,active,1,record
LC REC 5,LC,2024-03,active,1,record
LC REC 5,LC,2024-04,active,1,record
LC REC 5,LC,2024-05,active,1,record
LC REC 5,LC,2024-06,silent,0,record
LC REC 5,LC,2024-07,silent,0,record
LC REC 5,LC,2024-08,silent,0,record
LC REC 5,LC,2024-09,silent,0,record
LC REC 5,LC,2024-10,silent,0,record
LC REC 5,LC,2024-11,silent,0,record
LC REC 5,LC,2024-12,silent,0,record
LC REC 5,LC,2025-01,active,1,record
LC REC 5,LC,2025-02,absent,0,inferred_no_record
LC REC 5,LC,2025-03,absent,0,inferred_no_record
LC REC 5,LC,2025-04,absent,0,inferred_no_record
LC REC 5,LC,2025-05,absent,0,inferred_no_record
LC REC 5,LC,2025-06,absent,0,inferred_no_record
LC REC 5,LC,2025-07,absent,0,inferred_no_record
LC REC 5,LC,2025-08,absent,0,inferred_no_record
LC REC 5,LC,2025-09,absent,0,inferred_no_record
LC REC 5,LC,2025-10,absent,0,inferred_no_record
LC REC 5,LC,2025-11,absent,0,inferred_no_record
LC REC 5,LC,2025-12,absent,0,inferred_no_record
LC REC 6,LC,2005-01,active,1,record
LC REC 6,LC,2005-02,active,1,record
LC REC 6,LC,2005-03,active,1,record
LC REC 6,LC,2005-04,active,1,record
LC REC 6,LC,2005-05,silent,0,record
LC REC 6,LC,2005-06,silent,0,record
LC REC 6,LC,2005-07,silent,0,record
LC REC 6,LC,2005-08,silent,0,record
LC REC 6,LC,2005-09,silent,0,record
LC REC 6,LC,2005-10,silent,0,record
LC REC 6,LC,2005-11,silent,0,record
LC REC 6,LC,2005-12,silent,0,record
LC REC 6,LC,2006-01,active,1,record
LC REC 6,LC,2006-02,active,1,record
LC REC 6,LC,2006-03,silent,0,record
LC REC 6,LC,2006-04,active,1,record
LC REC 6,LC,2006-05,silent,0,record
LC REC 6,LC,2006-06,silent,0,record
LC REC 6,LC,2006-07,silent,0,record
LC REC 6,LC,2006-08,silent,0,record
LC REC 6,LC,2006-09,silent,0,record
LC REC 6,LC,2006-10,silent,0,record
LC REC 6,LC,2006-11,silent,0,record
LC REC 6,LC,2006-12,silent,0,record
LC REC 6,LC,2007-01,active,1,record
LC REC 6,LC,2007-02,active,1,record
LC REC 6,LC,2007-03,silent,0,record
LC REC 6,LC,2007-04,silent,0,record
LC REC 6,LC,2007-05,silent,0,record
LC REC 6,LC,2007-06,silent,0,record
LC REC 6,LC,2007-07,silent,0,record
LC REC 6,LC,2007-08,silent,0,record
LC REC 6,LC,2007-09,silent,0,record
LC REC 6,LC,2007-10,silent,0,record
LC REC 6,LC,2007-11,silent,0,record
LC REC 6,LC,2007-12,silent,0,record
LC REC 6,LC,2008-01,silent,0,record
LC REC 6,LC,2008-02,active,1,record
LC REC 6,LC,2008-03,active,1,record
LC REC 6,LC,2008-04,silent,0,record
LC REC 6,LC,2008-05,silent,0,record
LC REC 6,LC,2008-06,unknown,0,none
LC REC 6,LC,2008-07,unknown,0,none
LC REC 6,LC,2008-08,unknown,0,none
LC REC 6,LC,2008-09,unknown,0,none
LC REC 6,LC,2008-10,unknown,0,none
LC REC 6,LC,2008-11,unknown,0,none
LC REC 6,LC,2008-12,unknown,0,none
LC REC 6,LC,2009-01,unknown,0,none
LC REC 6,LC,2009-02,unknown,0,none
LC REC 6,LC,2009-03,unknown,0,none
LC REC 6,LC,2009-04,unknown,0,none
LC REC 6,LC,2009-05,unknown,0,none
LC REC 6,LC,2009-06,unknown,0,none
LC REC 6,LC,2009-07,unknown,0,none
LC REC 6,LC,2009-08,unknown,0,none
LC REC 6,LC,2009-09,unknown,0,none
LC REC 6,LC,2009-10,unknown,0,none
LC REC 6,LC,2009-11,unknown,0,none
LC REC 6,LC,2009-12,unknown,0,none
LC REC 6,LC,2010-01,unknown,0,none
LC REC 6,LC,2010-02,unknown,0,none
LC REC 6,LC,2010-03,unknown,0,none
LC REC 6,LC,2010-04,unknown,0,none
LC REC 6,LC,2010-05,unknown,0,none
LC REC 6,LC,2010-06,unknown,0,none
LC REC 6,LC,2010-07,unknown,0,none
LC REC 6,LC,2010-08,unknown,0,none
LC REC 6,LC,2010-09,unknown,0,none
LC REC 6,LC,2010-10,unknown,0,none
LC REC 6,LC,2010-11,unknown,0,none
LC REC 6,LC,2010-12,unknown,0,none
LC REC 6,LC,2011-01,unknown,0,none
LC REC 6,LC,2011-02,unknown,0,none
LC REC 6,LC,2011-03,unknown,0,none
LC REC 6,LC,2011-04,unknown,0,none
LC REC 6,LC,2011-05,unknown,0,none
LC REC 6,LC,2011-06,unknown,0,none
LC REC 6,LC,2011-07,unknown,0,none
LC REC 6,LC,2011-08,unknown,0,none
LC REC 6,LC,2011-09,unknown,0,none
LC REC 6,LC,2011-10,unknown,0,none
LC REC 6,LC,2011-11,unknown,0,none
LC REC 6,LC,2011-12,unknown,0,none
LC REC 6,LC,2012-01,unknown,0,none
LC REC 6,LC,2012-02,unknown,0,none
LC REC 6,LC,2012-03,unknown,0,none
LC REC 6,LC,2012-04,unknown,0,none
LC REC 6,LC,2012-05,unknown,0,none
LC REC 6,LC,2012-06,unknown,0,none
LC REC 6,LC,2012-07,unknown,0,none
LC REC 6,LC,2012-08,unknown,0,none
LC REC 6,LC,2012-09,unknown,0,none
LC REC 6,LC,2012-10,unknown,0,none
LC REC 6,LC,2012-11,unknown,0,none
LC REC 6,LC,2012-12,unknown,0,none
LC REC 6,LC,2013-01,silent,0,record
LC REC 6,LC,2013-02,silent,0,record
LC REC 6,LC,2013-03,silent,0,record
LC REC 6,LC,2013-04,silent,0,record
LC REC 6,LC,2013-05,silent,0,record
LC REC 6,LC,2013-06,silent,0,record
LC REC 6,LC,2013-07,silent,0,record
LC REC 6,LC,2013-08,silent,0,record
LC REC 6,LC,2013-09,silent,0,record
LC REC 6,LC,2013-10,silent,0,record
LC REC 6,LC,2013-11,silent,0,record
LC REC 6,LC,2013-12,silent,0,record
LC REC 6,LC,2014-01,silent,0,record
LC REC 6,LC,2014-02,silent,0,record
LC REC 6,LC,2014-03,silent,0,record
LC REC 6,LC,2014-04,silent,0,record
LC REC 6,LC,2014-05,silent,0,record
LC REC 6,LC,2014-06,silent,0,record
LC REC 6,LC,2014-07,silent,0,record
LC REC 6,LC,2014-08,silent,0,record
LC REC 6,LC,2014-09,silent,0,record
LC REC 6,LC,2014-10,silent,0,record
LC REC 6,LC,2014-11,silent,0,record
LC REC 6,LC,2014-12,silent,0,record
LC REC 6,LC,2015-01,silent,0,record
LC REC 6,LC,2015-02,silent,0,record
LC REC 6,LC,2015-03,silent,0,record
LC REC 6,LC,2015-04,silent,0,record
LC REC 6,LC,2015-05,silent,0,record
LC REC 6,LC,2015-06,silent,0,record
LC REC 6,LC,2015-07,silent,0,record
LC REC 6,LC,2015-08,silent,0,record
LC REC 6,LC,2015-09,silent,0,record
LC REC 6,LC,2015-10,silent,0,record
LC REC 6,LC,2015-11,silent,0,record
LC REC 6,LC,2015-12,silent,0,record
LC REC 6,LC,2016-01,active,1,record
LC REC 6,LC,2016-02,active,1,record
LC REC 6,LC,2016-03,active,1,record
LC REC 6,LC,2016-04,silent,0,record
LC REC 6,LC,2016-05,active,1,record
LC REC 6,LC,2016-06,active,1,record
LC REC 6,LC,2016-07,active,1,record
LC REC 6,LC,2016-08,active,1,record
LC REC 6,LC,2016-09,active,1,record
LC REC 6,LC,2016-10,silent,0,record
LC REC 6,LC,2016-11,active,1,record
LC REC 6,LC,2016-12,active,1,record
LC REC 6,LC,2017-01,active,1,record
LC REC 6,LC,2017-02,active,1,record
LC REC 6,LC,2017-03,active,1,record
LC REC 6,LC,2017-04,active,1,record
LC REC 6,LC,2017-05,active,1,record
LC REC 6,LC,2017-06,active,1,record
LC REC 6,LC,2017-07,active,1,record
LC REC 6,LC,2017-08,active,1,record
LC REC 6,LC,2017-09,active,1,record
LC REC 6,LC,2017-10,active,1,record
LC REC 6,LC,2017-11,active,1,record
LC REC 6,LC,2017-12,active,1,record
LC REC 6,LC,2018-01,active,1,record
LC REC 6,LC,2018-02,active,1,record
LC REC 6,LC,2018-03,active,1,record
LC REC 6,LC,2018-04,active,1,record
LC REC 6,LC,2018-05,active,1,record
LC REC 6,LC,2018-06,active,1,record
LC REC 6,LC,2018-07,silent,0,record
LC REC 6,LC,2018-08,silent,0,record
LC REC 6,LC,2018-09,silent,0,record
LC REC 6,LC,2018-10,active,1,record
LC REC 6,LC,2018-11,silent,0,record
LC REC 6,LC,2018-12,silent,0,record
LC REC 6,LC,2019-01,active,1,record
LC REC 6,LC,2019-02,active,1,record
LC REC 6,LC,2019-03,active,1,record
LC REC 6,LC,2019-04,active,1,record
LC REC 6,LC,2019-05,active,1,record
LC REC 6,LC,2019-06,active,1,record
LC REC 6,LC,2019-07,silent,0,record
LC REC 6,LC,2019-08,active,1,record
LC REC 6,LC,2019-09,silent,0,record
LC REC 6,LC,2019-10,active,1,record
LC REC 6,LC,2019-11,active,1,record
LC REC 6,LC,2019-12,active,1,record
LC REC 6,LC,2020-01,active,1,record
LC REC 6,LC,2020-02,active,1,record
LC REC 6,LC,2020-03,active,1,record
LC REC 6,LC,2020-04,active,1,record
LC REC 6,LC,2020-05,silent,0,record
LC REC 6,LC,2020-06,silent,0,record
LC REC 6,LC,2020-07,silent,0,record
LC REC 6,LC,2020-08,silent,0,record
LC REC 6,LC,2020-09,silent,0,record
LC REC 6,LC,2020-10,active,1,record
LC REC 6,LC,2020-11,active,1,record
LC REC 6,LC,2020-12,active,1,record
LC REC 6,LC,2021-01,active,1,record
LC REC 6,LC,2021-02,active,1,record
LC REC 6,LC,2021-03,active,1,record
LC REC 6,LC,2021-04,active,1,record
LC REC 6,LC,2021-05,active,1,record
LC REC 6,LC,2021-06,silent,0,record
LC REC 6,LC,2021-07,silent,0,record
LC REC 6,LC,2021-08,silent,0,record
LC REC 6,LC,2021-09,silent,0,record
LC REC 6,LC,2021-10,active,1,record
LC REC 6,LC,2021-11,silent,0,record
LC REC 6,LC,2021-12,silent,0,record
LC REC 6,LC,2022-01,active,1,record
LC REC 6,LC,2022-02,active,1,record
LC REC 6,LC,2022-03,silent,0,record
LC REC 6,LC,2022-04,silent,0,record
LC REC 6,LC,2022-05,silent,0,record
LC REC 6,LC,2022-06,silent,0,record
LC REC 6,LC,2022-07,silent,0,record
LC REC 6,LC,2022-08,silent,0,record
LC REC 6,LC,2022-09,silent,0,record
LC REC 6,LC,2022-10,active,1,record
LC REC 6,LC,2022-11,silent,0,record
LC REC 6,LC,2022-12,silent,0,record
LC REC 6,LC,2023-01,silent,0,record
LC REC 6,LC,2023-02,silent,0,record
LC REC 6,LC,2023-03,silent,0,record
LC REC 6,LC,2023-04,silent,0,record
LC REC 6,LC,2023-05,silent,0,record
LC REC 6,LC,2023-06,silent,0,record
LC REC 6,LC,2023-07,silent,0,record
LC REC 6,LC,2023-08,silent,0,record
LC REC 6,LC,2023-09,silent,0,record
LC REC 6,LC,2023-10,silent,0,record
LC REC 6,LC,2023-11,silent,0,record
LC REC 6,LC,2023-12,silent,0,record
LC REC 6,LC,2024-01,silent,0,record
LC REC 6,LC,2024-02,silent,0,record
LC REC 6,LC,2024-03,silent,0,record
LC REC 6,LC,2024-04,silent,0,record
LC REC 6,LC,2024-05,silent,0,record
LC REC 6,LC,2024-06,silent,0,record
LC REC 6,LC,2024-07,silent,0,record
LC REC 6,LC,2024-08,silent,0,record
LC REC 6,LC,2024-09,silent,0,record
LC REC 6,LC,2024-10,silent,0,record
LC REC 6,LC,2024-11,silent,0,record
LC REC 6,LC,2024-12,silent,0,record
LC REC 6,LC,2025-01,silent,0,record
LC REC 6,LC,2025-02,absent,0,inferred_no_record
LC REC 6,LC,2025-03,absent,0,inferred_no_record
LC REC 6,LC,2025-04,absent,0,inferred_no_record
LC REC 6,LC,2025-05,absent,0,inferred_no_record
LC REC 6,LC,2025-06,absent,0,inferred_no_record
LC REC 6,LC,2025-07,absent,0,inferred_no_record
LC REC 6,LC,2025-08,absent,0,inferred_no_record
LC REC 6,LC,2025-09,absent,0,inferred_no_record
LC REC 6,LC,2025-10,absent,0,inferred_no_record
LC REC 6,LC,2025-11,absent,0,inferred_no_record
LC REC 6,LC,2025-12,absent,0,inferred_no_record
LC REC 7,LC,2005-01,active,1,record
LC REC 7,LC,2005-02,active,1,record
LC REC 7,LC,2005-03,active,1,record
LC REC 7,LC,2005-04,active,1,record
LC REC 7,LC,2005-05,silent,0,record
LC REC 7,LC,2005-06,silent,0,record
LC REC 7,LC,2005-07,silent,0,record
LC REC 7,LC,2005-08,silent,0,record
LC REC 7,LC,2005-09,silent,0,record
LC REC 7,LC,2005-10,silent,0,record
LC REC 7,LC,2005-11,silent,0,record
LC REC 7,LC,2005-12,silent,0,record
LC REC 7,LC,2006-01,active,1,record
LC REC 7,LC,2006-02,active,1,record
LC REC 7,LC,2006-03,silent,0,record
LC REC 7,LC,2006-04,silent,0,record
LC REC 7,LC,2006-05,silent,0,record
LC REC 7,LC,2006-06,silent,0,record
LC REC 7,LC,2006-07,silent,0,record
LC REC 7,LC,2006-08,silent,0,record
LC REC 7,LC,2006-09,silent,0,record
LC REC 7,LC,2006-10,silent,0,record
LC REC 7,LC,2006-11,silent,0,record
LC REC 7,LC,2006-12,silent,0,record
LC REC 7,LC,2007-01,active,1,record
LC REC 7,LC,2007-02,active,1,record
LC REC 7,LC,2007-03,silent,0,record
LC REC 7,LC,2007-04,silent,0,record
LC REC 7,LC,2007-05,silent,0,record
LC REC 7,LC,2007-06,silent,0,record
LC REC 7,LC,2007-07,silent,0,record
LC REC 7,LC,2007-08,silent,0,record
LC REC 7,LC,2007-09,silent,0,record
LC REC 7,LC,2007-10,silent,0,record
LC REC 7,LC,2007-11,silent,0,record
LC REC 7,LC,2007-12,silent,0,record
LC REC 7,LC,2008-01,silent,0,record
LC REC 7,LC,2008-02,active,1,record
LC REC 7,LC,2008-03,active,1,record
LC REC 7,LC,2008-04,silent,0,record
LC REC 7,LC,2008-05,silent,0,record
LC REC 7,LC,2008-06,unknown,0,none
LC REC 7,LC,2008-07,unknown,0,none
LC REC 7,LC,2008-08,unknown,0,none
LC REC 7,LC,2008-09,unknown,0,none
LC REC 7,LC,2008-10,unknown,0,none
LC REC 7,LC,2008-11,unknown,0,none
LC REC 7,LC,2008-12,unknown,0,none
LC REC 7,LC,2009-01,unknown,0,none
LC REC 7,LC,2009-02,unknown,0,none
LC REC 7,LC,2009-03,unknown,0,none
LC REC 7,LC,2009-04,unknown,0,none
LC REC 7,LC,2009-05,unknown,0,none
LC REC 7,LC,2009-06,unknown,0,none
LC REC 7,LC,2009-07,unknown,0,none
LC REC 7,LC,2009-08,unknown,0,none
LC REC 7,LC,2009-09,unknown,0,none
LC REC 7,LC,2009-10,unknown,0,none
LC REC 7,LC,2009-11,unknown,0,none
LC REC 7,LC,2009-12,unknown,0,none
LC REC 7,LC,2010-01,unknown,0,none
LC REC 7,LC,2010-02,unknown,0,none
LC REC 7,LC,2010-03,unknown,0,none
LC REC 7,LC,2010-04,unknown,0,none
LC REC 7,LC,2010-05,unknown,0,none
LC REC 7,LC,2010-06,unknown,0,none
LC REC 7,LC,2010-07,unknown,0,none
LC REC 7,LC,2010-08,unknown,0,none
LC REC 7,LC,2010-09,unknown,0,none
LC REC 7,LC,2010-10,unknown,0,none
LC REC 7,LC,2010-11,unknown,0,none
LC REC 7,LC,2010-12,unknown,0,none
LC REC 7,LC,2011-01,unknown,0,none
LC REC 7,LC,2011-02,unknown,0,none
LC REC 7,LC,2011-03,unknown,0,none
LC REC 7,LC,2011-04,unknown,0,none
LC REC 7,LC,2011-05,unknown,0,none
LC REC 7,LC,2011-06,unknown,0,none
LC REC 7,LC,2011-07,unknown,0,none
LC REC 7,LC,2011-08,unknown,0,none
LC REC 7,LC,2011-09,unknown,0,none
LC REC 7,LC,2011-10,unknown,0,none
LC REC 7,LC,2011-11,unknown,0,none
LC REC 7,LC,2011-12,unknown,0,none
LC REC 7,LC,2012-01,unknown,0,none
LC REC 7,LC,2012-02,unknown,0,none
LC REC 7,LC,2012-03,unknown,0,none
LC REC 7,LC,2012-04,unknown,0,none
LC REC 7,LC,2012-05,unknown,0,none
LC REC 7,LC,2012-06,unknown,0,none
LC REC 7,LC,2012-07,unknown,0,none
LC REC 7,LC,2012-08,unknown,0,none
LC REC 7,LC,2012-09,unknown,0,none
LC REC 7,LC,2012-10,unknown,0,none
LC REC 7,LC,2012-11,unknown,0,none
LC REC 7,LC,2012-12,unknown,0,none
LC REC 7,LC,2013-01,unknown,0,none
LC REC 7,LC,2013-02,unknown,0,none
LC REC 7,LC,2013-03,unknown,0,none
LC REC 7,LC,2013-04,unknown,0,none
LC REC 7,LC,2013-05,unknown,0,none
LC REC 7,LC,2013-06,unknown,0,none
LC REC 7,LC,2013-07,unknown,0,none
LC REC 7,LC,2013-08,unknown,0,none
LC REC 7,LC,2013-09,unknown,0,none
LC REC 7,LC,2013-10,unknown,0,none
LC REC 7,LC,2013-11,unknown,0,none
LC REC 7,LC,2013-12,unknown,0,none
LC REC 7,LC,2014-01,unknown,0,none
LC REC 7,LC,2014-02,unknown,0,none
LC REC 7,LC,2014-03,unknown,0,none
LC REC 7,LC,2014-04,unknown,0,none
LC REC 7,LC,2014-05,unknown,0,none
LC REC 7,LC,2014-06,unknown,0,none
LC REC 7,LC,2014-07,unknown,0,none
LC REC 7,LC,2014-08,unknown,0,none
LC REC 7,LC,2014-09,unknown,0,none
LC REC 7,LC,2014-10,unknown,0,none
LC REC 7,LC,2014-11,unknown,0,none
LC REC 7,LC,2014-12,unknown,0,none
LC REC 7,LC,2015-01,unknown,0,none
LC REC 7,LC,2015-02,unknown,0,none
LC REC 7,LC,2015-03,active,1,record
LC REC 7,LC,2015-04,active,1,record
LC REC 7,LC,2015-05,active,1,record
LC REC 7,LC,2015-06,active,1,record
LC REC 7,LC,2015-07,active,1,record
LC REC 7,LC,2015-08,active,1,record
LC REC 7,LC,2015-09,active,1,record
LC REC 7,LC,2015-10,active,1,record
LC REC 7,LC,2015-11,active,1,record
LC REC 7,LC,2015-12,active,1,record
LC REC 7,LC,2016-01,active,1,record
LC REC 7,LC,2016-02,active,1,record
LC REC 7,LC,2016-03,active,1,record
LC REC 7,LC,2016-04,active,1,record
LC REC 7,LC,2016-05,active,1,record
LC REC 7,LC,2016-06,active,1,record
LC REC 7,LC,2016-07,active,1,record
LC REC 7,LC,2016-08,active,1,record
LC REC 7,LC,2016-09,active,1,record
LC REC 7,LC,2016-10,active,1,record
LC REC 7,LC,2016-11,active,1,record
LC REC 7,LC,2016-12,active,1,record
LC REC 7,LC,2017-01,active,1,record
LC REC 7,LC,2017-02,silent,0,record
LC REC 7,LC,2017-03,active,1,record
LC REC 7,LC,2017-04,active,1,record
LC REC 7,LC,2017-05,active,1,record
LC REC 7,LC,2017-06,active,1,record
LC REC 7,LC,2017-07,active,1,record
LC REC 7,LC,2017-08,active,1,record
LC REC 7,LC,2017-09,active,1,record
LC REC 7,LC,2017-10,active,1,record
LC REC 7,LC,2017-11,active,1,record
LC REC 7,LC,2017-12,active,1,record
LC REC 7,LC,2018-01,active,1,record
LC REC 7,LC,2018-02,active,1,record
LC REC 7,LC,2018-03,active,1,record
LC REC 7,LC,2018-04,active,1,record
LC REC 7,LC,2018-05,active,1,record
LC REC 7,LC,2018-06,active,1,record
LC REC 7,LC,2018-07,active,1,record
LC REC 7,LC,2018-08,active,1,record
LC REC 7,LC,2018-09,active,1,record
LC REC 7,LC,2018-10,active,1,record
LC REC 7,LC,2018-11,active,1,record
LC REC 7,LC,2018-12,active,1,record
LC REC 7,LC,2019-01,active,1,record
LC REC 7,LC,2019-02,active,1,record
LC REC 7,LC,2019-03,active,1,record
LC REC 7,LC,2019-04,active,1,record
LC REC 7,LC,2019-05,active,1,record
LC REC 7,LC,2019-06,active,1,record
LC REC 7,LC,2019-07,active,1,record
LC REC 7,LC,2019-08,active,1,record
LC REC 7,LC,2019-09,active,1,record
LC REC 7,LC,2019-10,active,1,record
LC REC 7,LC,2019-11,active,1,record
LC REC 7,LC,2019-12,active,1,record
LC REC 7,LC,2020-01,active,1,record
LC REC 7,LC,2020-02,active,1,record
LC REC 7,LC,2020-03,active,1,record
LC REC 7,LC,2020-04,active,1,record
LC REC 7,LC,2020-05,active,1,record
LC REC 7,LC,2020-06,active,1,record
LC REC 7,LC,2020-07,active,1,record
LC REC 7,LC,2020-08,silent,0,record
LC REC 7,LC,2020-09,silent,0,record
LC REC 7,LC,2020-10,active,1,record
LC REC 7,LC,2020-11,active,1,record
LC REC 7,LC,2020-12,active,1,record
LC REC 7,LC,2021-01,active,1,record
LC REC 7,LC,2021-02,active,1,record
LC REC 7,LC,2021-03,active,1,record
LC REC 7,LC,2021-04,active,1,record
LC REC 7,LC,2021-05,active,1,record
LC REC 7,LC,2021-06,silent,0,record
LC REC 7,LC,2021-07,silent,0,record
LC REC 7,LC,2021-08,silent,0,record
LC REC 7,LC,2021-09,silent,0,record
LC REC 7,LC,2021-10,active,1,record
LC REC 7,LC,2021-11,silent,0,record
LC REC 7,LC,2021-12,silent,0,record
LC REC 7,LC,2022-01,active,1,record
LC REC 7,LC,2022-02,active,1,record
LC REC 7,LC,2022-03,silent,0,record
LC REC 7,LC,2022-04,silent,0,record
LC REC 7,LC,2022-05,silent,0,record
LC REC 7,LC,2022-06,silent,0,record
LC REC 7,LC,2022-07,silent,0,record
LC REC 7,LC,2022-08,silent,0,record
LC REC 7,LC,2022-09,silent,0,record
LC REC 7,LC,2022-10,active,1,record
LC REC 7,LC,2022-11,silent,0,record
LC REC 7,LC,2022-12,silent,0,download_header
LC REC 7,LC,2023-01,silent,0,download_header
LC REC 7,LC,2023-02,active,1,record
LC REC 7,LC,2023-03,silent,0,download_header
LC REC 7,LC,2023-04,silent,0,download_header
LC REC 7,LC,2023-05,silent,0,download_header
LC REC 7,LC,2023-06,silent,0,download_header
LC REC 7,LC,2023-07,silent,0,download_header
LC REC 7,LC,2023-08,silent,0,download_header
LC REC 7,LC,2023-09,silent,0,download_header
LC REC 7,LC,2023-10,silent,0,download_header
LC REC 7,LC,2023-11,silent,0,download_header
LC REC 7,LC,2023-12,silent,0,download_header
LC REC 7,LC,2024-01,silent,0,download_header
LC REC 7,LC,2024-02,silent,0,download_header
LC REC 7,LC,2024-03,silent,0,download_header
LC REC 7,LC,2024-04,silent,0,download_header
LC REC 7,LC,2024-05,active,1,record
LC REC 7,LC,2024-06,silent,0,record
LC REC 7,LC,2024-07,silent,0,record
LC REC 7,LC,2024-08,silent,0,record
LC REC 7,LC,2024-09,silent,0,record
LC REC 7,LC,2024-10,silent,0,record
LC REC 7,LC,2024-11,silent,0,record
LC REC 7,LC,2024-12,silent,0,record
LC REC 7,LC,2025-01,active,1,record
LC REC 7,LC,2025-02,absent,0,inferred_no_record
LC REC 7,LC,2025-03,absent,0,inferred_no_record
LC REC 7,LC,2025-04,absent,0,inferred_no_record
LC REC 7,LC,2025-05,absent,0,inferred_no_record
LC REC 7,LC,2025-06,absent,0,inferred_no_record
LC REC 7,LC,2025-07,absent,0,inferred_no_record
LC REC 7,LC,2025-08,absent,0,inferred_no_record
LC REC 7,LC,2025-09,absent,0,inferred_no_record
LC REC 7,LC,2025-10,absent,0,inferred_no_record
LC REC 7,LC,2025-11,absent,0,inferred_no_record
LC REC 7,LC,2025-12,absent,0,inferred_no_record
LC REC 8,LC,2005-01,active,1,record
LC REC 8,LC,2005-02,active,1,record
LC REC 8,LC,2005-03,active,1,record
LC REC 8,LC,2005-04,active,1,record
LC REC 8,LC,2005-05,active,1,record
LC REC 8,LC,2005-06,active,1,record
LC REC 8,LC,2005-07,active,1,record
LC REC 8,LC,2005-08,active,1,record
LC REC 8,LC,2005-09,active,1,record
LC REC 8,LC,2005-10,active,1,record
LC REC 8,LC,2005-11,active,1,record
LC REC 8,LC,2005-12,active,1,record
LC REC 8,LC,2006-01,active,1,record
LC REC 8,LC,2006-02,active,1,record
LC REC 8,LC,2006-03,active,1,record
LC REC 8,LC,2006-04,active,1,record
LC REC 8,LC,2006-05,active,1,record
LC REC 8,LC,2006-06,active,1,record
LC REC 8,LC,2006-07,active,1,record
LC REC 8,LC,2006-08,active,1,record
LC REC 8,LC,2006-09,active,1,record
LC REC 8,LC,2006-10,active,1,record
LC REC 8,LC,2006-11,active,1,record
LC REC 8,LC,2006-12,active,1,record
LC REC 8,LC,2007-01,active,1,record
LC REC 8,LC,2007-02,active,1,record
LC REC 8,LC,2007-03,unknown,0,none
LC REC 8,LC,2007-04,silent,0,download_header
LC REC 8,LC,2007-05,silent,0,download_header
LC REC 8,LC,2007-06,silent,0,download_header
LC REC 8,LC,2007-07,silent,0,download_header
LC REC 8,LC,2007-08,silent,0,download_header
LC REC 8,LC,2007-09,silent,0,download_header
LC REC 8,LC,2007-10,silent,0,record
LC REC 8,LC,2007-11,silent,0,record
LC REC 8,LC,2007-12,silent,0,record
LC REC 8,LC,2008-01,active,1,record
LC REC 8,LC,2008-02,active,1,record
LC REC 8,LC,2008-03,active,1,record
LC REC 8,LC,2008-04,silent,0,record
LC REC 8,LC,2008-05,silent,0,record
LC REC 8,LC,2008-06,silent,0,record
LC REC 8,LC,2008-07,silent,0,record
LC REC 8,LC,2008-08,silent,0,record
LC REC 8,LC,2008-09,silent,0,record
LC REC 8,LC,2008-10,silent,0,record
LC REC 8,LC,2008-11,silent,0,record
LC REC 8,LC,2008-12,silent,0,record
LC REC 8,LC,2009-01,silent,0,record
LC REC 8,LC,2009-02,silent,0,record
LC REC 8,LC,2009-03,silent,0,record
LC REC 8,LC,2009-04,silent,0,record
LC REC 8,LC,2009-05,silent,0,record
LC REC 8,LC,2009-06,silent,0,record
LC REC 8,LC,2009-07,silent,0,record
LC REC 8,LC,2009-08,silent,0,record
LC REC 8,LC,2009-09,unknown,0,none
LC REC 8,LC,2009-10,unknown,0,none
LC REC 8,LC,2009-11,unknown,0,none
LC REC 8,LC,2009-12,unknown,0,none
LC REC 8,LC,2010-01,unknown,0,none
LC REC 8,LC,2010-02,unknown,0,none
LC REC 8,LC,2010-03,unknown,0,none
LC REC 8,LC,2010-04,unknown,0,none
LC REC 8,LC,2010-05,unknown,0,none
LC REC 8,LC,2010-06,unknown,0,none
LC REC 8,LC,2010-07,unknown,0,none
LC REC 8,LC,2010-08,unknown,0,none
LC REC 8,LC,2010-09,unknown,0,none
LC REC 8,LC,2010-10,unknown,0,none
LC REC 8,LC,2010-11,unknown,0,none
LC REC 8,LC,2010-12,unknown,0,none
LC REC 8,LC,2011-01,unknown,0,none
LC REC 8,LC,2011-02,unknown,0,none
LC REC 8,LC,2011-03,unknown,0,none
LC REC 8,LC,2011-04,unknown,0,none
LC REC 8,LC,2011-05,unknown,0,none
LC REC 8,LC,2011-06,unknown,0,none
LC REC 8,LC,2011-07,unknown,0,none
LC REC 8,LC,2011-08,unknown,0,none
LC REC 8,LC,2011-09,unknown,0,none
LC REC 8,LC,2011-10,unknown,0,none
LC REC 8,LC,2011-11,unknown,0,none
LC REC 8,LC,2011-12,unknown,0,none
LC REC 8,LC,2012-01,unknown,0,none
LC REC 8,LC,2012-02,unknown,0,none
LC REC 8,LC,2012-03,unknown,0,none
LC REC 8,LC,2012-04,unknown,0,none
LC REC 8,LC,2012-05,unknown,0,none
LC REC 8,LC,2012-06,unknown,0,none
LC REC 8,LC,2012-07,unknown,0,none
LC REC 8,LC,2012-08,unknown,0,none
LC REC 8,LC,2012-09,unknown,0,none
LC REC 8,LC,2012-10,silent,0,record
LC REC 8,LC,2012-11,silent,0,record
LC REC 8,LC,2012-12,silent,0,record
LC REC 8,LC,2013-01,silent,0,record
LC REC 8,LC,2013-02,silent,0,record
LC REC 8,LC,2013-03,silent,0,record
LC REC 8,LC,2013-04,silent,0,record
LC REC 8,LC,2013-05,silent,0,record
LC REC 8,LC,2013-06,silent,0,record
LC REC 8,LC,2013-07,silent,0,record
LC REC 8,LC,2013-08,silent,0,record
LC REC 8,LC,2013-09,silent,0,record
LC REC 8,LC,2013-10,silent,0,record
LC REC 8,LC,2013-11,silent,0,record
LC REC 8,LC,2013-12,silent,0,record
LC REC 8,LC,2014-01,silent,0,record
LC REC 8,LC,2014-02,silent,0,record
LC REC 8,LC,2014-03,silent,0,record
LC REC 8,LC,2014-04,silent,0,record
LC REC 8,LC,2014-05,silent,0,record
LC REC 8,LC,2014-06,silent,0,record
LC REC 8,LC,2014-07,silent,0,record
LC REC 8,LC,2014-08,silent,0,record
LC REC 8,LC,2014-09,silent,0,record
LC REC 8,LC,2014-10,silent,0,record
LC REC 8,LC,2014-11,silent,0,record
LC REC 8,LC,2014-12,silent,0,record
LC REC 8,LC,2015-01,silent,0,record
LC REC 8,LC,2015-02,silent,0,record
LC REC 8,LC,2015-03,silent,0,record
LC REC 8,LC,2015-04,silent,0,record
LC REC 8,LC,2015-05,silent,0,record
LC REC 8,LC,2015-06,silent,0,record
LC REC 8,LC,2015-07,silent,0,record
LC REC 8,LC,2015-08,silent,0,record
LC REC 8,LC,2015-09,silent,0,record
LC REC 8,LC,2015-10,silent,0,record
LC REC 8,LC,2015-11,silent,0,record
LC REC 8,LC,2015-12,silent,0,record
LC REC 8,LC,2016-01,active,1,record
LC REC 8,LC,2016-02,silent,0,record
LC REC 8,LC,2016-03,silent,0,record
LC REC 8,LC,2016-04,active,1,record
LC REC 8,LC,2016-05,active,1,record
LC REC 8,LC,2016-06,active,1,record
LC REC 8,LC,2016-07,active,1,record
LC REC 8,LC,2016-08,active,1,record
LC REC 8,LC,2016-09,active,1,record
LC REC 8,LC,2016-10,silent,0,record
LC REC 8,LC,2016-11,active,1,record
LC REC 8,LC,2016-12,silent,0,record
LC REC 8,LC,2017-01,active,1,record
LC REC 8,LC,2017-02,active,1,record
LC REC 8,LC,2017-03,active,1,record
LC REC 8,LC,2017-04,active,1,record
LC REC 8,LC,2017-05,active,1,record
LC REC 8,LC,2017-06,active,1,record
LC REC 8,LC,2017-07,active,1,record
LC REC 8,LC,2017-08,active,1,record
LC REC 8,LC,2017-09,active,1,record
LC REC 8,LC,2017-10,active,1,record
LC REC 8,LC,2017-11,active,1,record
LC REC 8,LC,2017-12,active,1,record
LC REC 8,LC,2018-01,active,1,record
LC REC 8,LC,2018-02,active,1,record
LC REC 8,LC,2018-03,active,1,record
LC REC 8,LC,2018-04,active,1,record
LC REC 8,LC,2018-05,active,1,record
LC REC 8,LC,2018-06,active,1,record
LC REC 8,LC,2018-07,active,1,record
LC REC 8,LC,2018-08,active,1,record
LC REC 8,LC,2018-09,active,1,record
LC REC 8,LC,2018-10,active,1,record
LC REC 8,LC,2018-11,active,1,record
LC REC 8,LC,2018-12,active,1,record
LC REC 8,LC,2019-01,active,1,record
LC REC 8,LC,2019-02,active,1,record
LC REC 8,LC,2019-03,active,1,record
LC REC 8,LC,2019-04,active,1,record
LC REC 8,LC,2019-05,active,1,record
LC REC 8,LC,2019-06,active,1,record
LC REC 8,LC,2019-07,active,1,record
LC REC 8,LC,2019-08,active,1,record
LC REC 8,LC,2019-09,active,1,record
LC REC 8,LC,2019-10,active,1,record
LC REC 8,LC,2019-11,active,1,record
LC REC 8,LC,2019-12,active,1,record
LC REC 8,LC,2020-01,active,1,record
LC REC 8,LC,2020-02,active,1,record
LC REC 8,LC,2020-03,silent,0,record
LC REC 8,LC,2020-04,silent,0,record
LC REC 8,LC,2020-05,silent,0,record
LC REC 8,LC,2020-06,silent,0,record
LC REC 8,LC,2020-07,silent,0,record
LC REC 8,LC,2020-08,active,1,record
LC REC 8,LC,2020-09,silent,0,record
LC REC 8,LC,2020-10,active,1,record
LC REC 8,LC,2020-11,silent,0,record
LC REC 8,LC,2020-12,active,1,record
LC REC 8,LC,2021-01,active,1,record
LC REC 8,LC,2021-02,active,1,record
LC REC 8,LC,2021-03,active,1,record
LC REC 8,LC,2021-04,silent,0,record
LC REC 8,LC,2021-05,silent,0,record
LC REC 8,LC,2021-06,silent,0,record
LC REC 8,LC,2021-07,silent,0,record
LC REC 8,LC,2021-08,silent,0,record
LC REC 8,LC,2021-09,silent,0,record
LC REC 8,LC,2021-10,active,1,record
LC REC 8,LC,2021-11,silent,0,record
LC REC 8,LC,2021-12,silent,0,record
LC REC 8,LC,2022-01,active,1,record
LC REC 8,LC,2022-02,active,1,record
LC REC 8,LC,2022-03,silent,0,record
LC REC 8,LC,2022-04,silent,0,record
LC REC 8,LC,2022-05,silent,0,record
LC REC 8,LC,2022-06,silent,0,record
LC REC 8,LC,2022-07,silent,0,record
LC REC 8,LC,2022-08,silent,0,record
LC REC 8,LC,2022-09,silent,0,record
LC REC 8,LC,2022-10,active,1,record
LC REC 8,LC,2022-11,silent,0,record
LC REC 8,LC,2022-12,active,1,record
LC REC 8,LC,2023-01,active,1,record
LC REC 8,LC,2023-02,active,1,record
LC REC 8,LC,2023-03,silent,0,record
LC REC 8,LC,2023-04,silent,0,record
LC REC 8,LC,2023-05,active,1,record
LC REC 8,LC,2023-06,silent,0,record
LC REC 8,LC,2023-07,silent,0,record
LC REC 8,LC,2023-08,silent,0,record
LC REC 8,LC,2023-09,silent,0,record
LC REC 8,LC,2023-10,silent,0,record
LC REC 8,LC,2023-11,silent,0,record
LC REC 8,LC,2023-12,silent,0,record
LC REC 8,LC,2024-01,silent,0,record
LC REC 8,LC,2024-02,silent,0,record
LC REC 8,LC,2024-03,silent,0,record
LC REC 8,LC,2024-04,silent,0,record
LC REC 8,LC,2024-05,silent,0,record
LC REC 8,LC,2024-06,silent,0,record
LC REC 8,LC,2024-07,silent,0,record
LC REC 8,LC,2024-08,silent,0,record
LC REC 8,LC,2024-09,silent,0,record
LC REC 8,LC,2024-10,silent,0,record
LC REC 8,LC,2024-11,silent,0,record
LC REC 8,LC,2024-12,silent,0,record
LC REC 8,LC,2025-01,silent,0,record
LC REC 8,LC,2025-02,absent,0,inferred_no_record
LC REC 8,LC,2025-03,absent,0,inferred_no_record
LC REC 8,LC,2025-04,absent,0,inferred_no_record
LC REC 8,LC,2025-05,absent,0,inferred_no_record
LC REC 8,LC,2025-06,absent,0,inferred_no_record
LC REC 8,LC,2025-07,absent,0,inferred_no_record
LC REC 8,LC,2025-08,absent,0,inferred_no_record
LC REC 8,LC,2025-09,absent,0,inferred_no_record
LC REC 8,LC,2025-10,absent,0,inferred_no_record
LC REC 8,LC,2025-11,absent,0,inferred_no_record
LC REC 8,LC,2025-12,absent,0,inferred_no_record
LC REC 9,LC,2005-01,active,1,record
LC REC 9,LC,2005-02,active,1,record
LC REC 9,LC,2005-03,active,1,record
LC REC 9,LC,2005-04,active,1,record
LC REC 9,LC,2005-05,active,1,record
LC REC 9,LC,2005-06,active,1,record
LC REC 9,LC,2005-07,active,1,record
LC REC 9,LC,2005-08,active,1,record
LC REC 9,LC,2005-09,active,1,record
LC REC 9,LC,2005-10,active,1,record
LC REC 9,LC,2005-11,active,1,record
LC REC 9,LC,2005-12,active,1,record
LC REC 9,LC,2006-01,active,1,record
LC REC 9,LC,2006-02,active,1,record
LC REC 9,LC,2006-03,active,1,record
LC REC 9,LC,2006-04,active,1,record
LC REC 9,LC,2006-05,active,1,record
LC REC 9,LC,2006-06,active,1,record
LC REC 9,LC,2006-07,active,1,record
LC REC 9,LC,2006-08,active,1,record
LC REC 9,LC,2006-09,active,1,record
LC REC 9,LC,2006-10,active,1,record
LC REC 9,LC,2006-11,silent,0,record
LC REC 9,LC,2006-12,silent,0,record
LC REC 9,LC,2007-01,active,1,record
LC REC 9,LC,2007-02,active,1,record
LC REC 9,LC,2007-03,silent,0,record
LC REC 9,LC,2007-04,silent,0,record
LC REC 9,LC,2007-05,silent,0,record
LC REC 9,LC,2007-06,silent,0,record
LC REC 9,LC,2007-07,silent,0,record
LC REC 9,LC,2007-08,silent,0,record
LC REC 9,LC,2007-09,silent,0,record
LC REC 9,LC,2007-10,silent,0,record
LC REC 9,LC,2007-11,silent,0,download_header
LC REC 9,LC,2007-12,silent,0,download_header
LC REC 9,LC,2008-01,silent,0,download_header
LC REC 9,LC,2008-02,silent,0,download_header
LC REC 9,LC,2008-03,silent,0,download_header
LC REC 9,LC,2008-04,silent,0,download_header
LC REC 9,LC,2008-05,silent,0,download_header
LC REC 9,LC,2008-06,silent,0,download_header
LC REC 9,LC,2008-07,silent,0,download_header
LC REC 9,LC,2008-08,silent,0,download_header
LC REC 9,LC,2008-09,silent,0,download_header
LC REC 9,LC,2008-10,silent,0,download_header
LC REC 9,LC,2008-11,silent,0,download_header
LC REC 9,LC,2008-12,silent,0,download_header
LC REC 9,LC,2009-01,silent,0,download_header
LC REC 9,LC,2009-02,silent,0,download_header
LC REC 9,LC,2009-03,silent,0,download_header
LC REC 9,LC,2009-04,silent,0,download_header
LC REC 9,LC,2009-05,silent,0,download_header
LC REC 9,LC,2009-06,silent,0,download_header
LC REC 9,LC,2009-07,silent,0,download_header
LC REC 9,LC,2009-08,silent,0,record
LC REC 9,LC,2009-09,silent,0,record
LC REC 9,LC,2009-10,silent,0,record
LC REC 9,LC,2009-11,silent,0,record
LC REC 9,LC,2009-12,silent,0,record
LC REC 9,LC,2010-01,silent,0,record
LC REC 9,LC,2010-02,silent,0,record
LC REC 9,LC,2010-03,silent,0,record
LC REC 9,LC,2010-04,silent,0,record
LC REC 9,LC,2010-05,silent,0,record
LC REC 9,LC,2010-06,silent,0,record
LC REC 9,LC,2010-07,silent,0,record
LC REC 9,LC,2010-08,silent,0,record
LC REC 9,LC,2010-09,silent,0,record
LC REC 9,LC,2010-10,active,1,record
LC REC 9,LC,2010-11,silent,0,record
LC REC 9,LC,2010-12,silent,0,record
LC REC 9,LC,2011-01,silent,0,record
LC REC 9,LC,2011-02,silent,0,record
LC REC 9,LC,2011-03,silent,0,record
LC REC 9,LC,2011-04,silent,0,record
LC REC 9,LC,2011-05,silent,0,record
LC REC 9,LC,2011-06,silent,0,record
LC REC 9,LC,2011-07,active,1,record
LC REC 9,LC,2011-08,silent,0,record
LC REC 9,LC,2011-09,silent,0,record
LC REC 9,LC,2011-10,silent,0,record
LC REC 9,LC,2011-11,silent,0,record
LC REC 9,LC,2011-12,silent,0,record
LC REC 9,LC,2012-01,silent,0,record
LC REC 9,LC,2012-02,silent,0,record
LC REC 9,LC,2012-03,silent,0,record
LC REC 9,LC,2012-04,silent,0,record
LC REC 9,LC,2012-05,silent,0,record
LC REC 9,LC,2012-06,silent,0,record
LC REC 9,LC,2012-07,silent,0,record
LC REC 9,LC,2012-08,silent,0,record
LC REC 9,LC,2012-09,silent,0,record
LC REC 9,LC,2012-10,silent,0,record
LC REC 9,LC,2012-11,silent,0,record
LC REC 9,LC,2012-12,silent,0,record
LC REC 9,LC,2013-01,silent,0,record
LC REC 9,LC,2013-02,silent,0,record
LC REC 9,LC,2013-03,silent,0,record
LC REC 9,LC,2013-04,silent,0,record
LC REC 9,LC,2013-05,silent,0,record
LC REC 9,LC,2013-06,silent,0,record
LC REC 9,LC,2013-07,silent,0,record
LC REC 9,LC,2013-08,silent,0,record
LC REC 9,LC,2013-09,silent,0,record
LC REC 9,LC,2013-10,silent,0,record
LC REC 9,LC,2013-11,silent,0,record
LC REC 9,LC,2013-12,silent,0,record
LC REC 9,LC,2014-01,silent,0,record
LC REC 9,LC,2014-02,silent,0,record
LC REC 9,LC,2014-03,silent,0,record
LC REC 9,LC,2014-04,active,1,record
LC REC 9,LC,2014-05,active,1,record
LC REC 9,LC,2014-06,active,1,record
LC REC 9,LC,2014-07,active,1,record
LC REC 9,LC,2014-08,active,1,record
LC REC 9,LC,2014-09,silent,0,record
LC REC 9,LC,2014-10,silent,0,record
LC REC 9,LC,2014-11,silent,0,record
LC REC 9,LC,2014-12,silent,0,record
LC REC 9,LC,2015-01,silent,0,record
LC REC 9,LC,2015-02,silent,0,record
LC REC 9,LC,2015-03,silent,0,record
LC REC 9,LC,2015-04,silent,0,record
LC REC 9,LC,2015-05,silent,0,record
LC REC 9,LC,2015-06,silent,0,record
LC REC 9,LC,2015-07,active,1,record
LC REC 9,LC,2015-08,active,1,record
LC REC 9,LC,2015-09,silent,0,record
LC REC 9,LC,2015-10,silent,0,record
LC REC 9,LC,2015-11,silent,0,record
LC REC 9,LC,2015-12,silent,0,record
LC REC 9,LC,2016-01,silent,0,record
LC REC 9,LC,2016-02,silent,0,record
LC REC 9,LC,2016-03,silent,0,record
LC REC 9,LC,2016-04,active,1,record
LC REC 9,LC,2016-05,active,1,record
LC REC 9,LC,2016-06,active,1,record
LC REC 9,LC,2016-07,active,1,record
LC REC 9,LC,2016-08,active,1,record
LC REC 9,LC,2016-09,silent,0,record
LC REC 9,LC,2016-10,silent,0,record
LC REC 9,LC,2016-11,silent,0,record
LC REC 9,LC,2016-12,silent,0,record
LC REC 9,LC,2017-01,active,1,record
LC REC 9,LC,2017-02,silent,0,record
LC REC 9,LC,2017-03,active,1,record
LC REC 9,LC,2017-04,active,1,record
LC REC 9,LC,2017-05,active,1,record
LC REC 9,LC,2017-06,silent,0,record
LC REC 9,LC,2017-07,active,1,record
LC REC 9,LC,2017-08,active,1,record
LC REC 9,LC,2017-09,active,1,record
LC REC 9,LC,2017-10,active,1,record
LC REC 9,LC,2017-11,active,1,record
LC REC 9,LC,2017-12,active,1,record
LC REC 9,LC,2018-01,active,1,record
LC REC 9,LC,2018-02,active,1,record
LC REC 9,LC,2018-03,active,1,record
LC REC 9,LC,2018-04,active,1,record
LC REC 9,LC,2018-05,active,1,record
LC REC 9,LC,2018-06,silent,0,record
LC REC 9,LC,2018-07,active,1,record
LC REC 9,LC,2018-08,silent,0,record
LC REC 9,LC,2018-09,silent,0,record
LC REC 9,LC,2018-10,active,1,record
LC REC 9,LC,2018-11,absent,0,record
LC REC 9,LC,2018-12,absent,0,record
LC REC 9,LC,2019-01,absent,0,record
LC REC 9,LC,2019-02,active,1,record
LC REC 9,LC,2019-03,silent,0,record
LC REC 9,LC,2019-04,silent,0,record
LC REC 9,LC,2019-05,silent,0,record
LC REC 9,LC,2019-06,active,1,record
LC REC 9,LC,2019-07,silent,0,record
LC REC 9,LC,2019-08,silent,0,record
LC REC 9,LC,2019-09,active,1,record
LC REC 9,LC,2019-10,active,1,record
LC REC 9,LC,2019-11,silent,0,record
LC REC 9,LC,2019-12,silent,0,record
LC REC 9,LC,2020-01,silent,0,record
LC REC 9,LC,2020-02,silent,0,record
LC REC 9,LC,2020-03,silent,0,record
LC REC 9,LC,2020-04,silent,0,record
LC REC 9,LC,2020-05,silent,0,record
LC REC 9,LC,2020-06,silent,0,record
LC REC 9,LC,2020-07,silent,0,record
LC REC 9,LC,2020-08,silent,0,record
LC REC 9,LC,2020-09,silent,0,record
LC REC 9,LC,2020-10,active,1,record
LC REC 9,LC,2020-11,silent,0,record
LC REC 9,LC,2020-12,silent,0,record
LC REC 9,LC,2021-01,active,1,record
LC REC 9,LC,2021-02,active,1,record
LC REC 9,LC,2021-03,active,1,record
LC REC 9,LC,2021-04,silent,0,record
LC REC 9,LC,2021-05,silent,0,record
LC REC 9,LC,2021-06,silent,0,record
LC REC 9,LC,2021-07,silent,0,record
LC REC 9,LC,2021-08,silent,0,record
LC REC 9,LC,2021-09,silent,0,record
LC REC 9,LC,2021-10,active,1,record
LC REC 9,LC,2021-11,silent,0,record
LC REC 9,LC,2021-12,silent,0,record
LC REC 9,LC,2022-01,silent,0,record
LC REC 9,LC,2022-02,silent,0,record
LC REC 9,LC,2022-03,silent,0,record
LC REC 9,LC,2022-04,silent,0,record
LC REC 9,LC,2022-05,silent,0,record
LC REC 9,LC,2022-06,silent,0,record
LC REC 9,LC,2022-07,silent,0,record
LC REC 9,LC,2022-08,silent,0,record
LC REC 9,LC,2022-09,silent,0,record
LC REC 9,LC,2022-10,silent,0,record
LC REC 9,LC,2022-11,silent,0,record
LC REC 9,LC,2022-12,silent,0,record
LC REC 9,LC,2023-01,silent,0,record
LC REC 9,LC,2023-02,silent,0,record
LC REC 9,LC,2023-03,silent,0,record
LC REC 9,LC,2023-04,silent,0,record
LC REC 9,LC,2023-05,silent,0,record
LC REC 9,LC,2023-06,silent,0,record
LC REC 9,LC,2023-07,silent,0,record
LC REC 9,LC,2023-08,silent,0,record
LC REC 9,LC,2023-09,silent,0,record
LC REC 9,LC,2023-10,silent,0,record
LC REC 9,LC,2023-11,silent,0,record
LC REC 9,LC,2023-12,silent,0,record
LC REC 9,LC,2024-01,silent,0,record
LC REC 9,LC,2024-02,silent,0,record
LC REC 9,LC,2024-03,silent,0,record
LC REC 9,LC,2024-04,silent,0,record
LC REC 9,LC,2024-05,silent,0,record
LC REC 9,LC,2024-06,silent,0,record
LC REC 9,LC,2024-07,silent,0,record
LC REC 9,LC,2024-08,silent,0,record
LC REC 9,LC,2024-09,silent,0,record
LC REC 9,LC,2024-10,silent,0,record
LC REC 9,LC,2024-11,silent,0,record
LC REC 9,LC,2024-12,silent,0,record
LC REC 9,LC,2025-01,silent,0,record
LC REC 9,LC,2025-02,absent,0,inferred_no_record
LC REC 9,LC,2025-03,absent,0,inferred_no_record
LC REC 9,LC,2025-04,absent,0,inferred_no_record
LC REC 9,LC,2025-05,absent,0,inferred_no_record
LC REC 9,LC,2025-06,absent,0,inferred_no_record
LC REC 9,LC,2025-07,absent,0,inferred_no_record
LC REC 9,LC,2025-08,absent,0,inferred_no_record
LC REC 9,LC,2025-09,absent,0,inferred_no_record
LC REC 9,LC,2025-10,absent,0,inferred_no_record
LC REC 9,LC,2025-11,absent,0,inferred_no_record
LC REC 9,LC,2025-12,absent,0,inferred_no_record
CB 7 REC,CB,2005-01,absent,0,inferred_no_record
CB 7 REC,CB,2005-02,absent,0,inferred_no_record
CB 7 REC,CB,2005-03,absent,0,inferred_no_record
CB 7 REC,CB,2005-04,absent,0,inferred_no_record
CB 7 REC,CB,2005-05,absent,0,inferred_no_record
CB 7 REC,CB,2005-06,absent,0,inferred_no_record
CB 7 REC,CB,2005-07,absent,0,inferred_no_record
CB 7 REC,CB,2005-08,absent,0,inferred_no_record
CB 7 REC,CB,2005-09,absent,0,inferred_no_record
CB 7 REC,CB,2005-10,absent,0,inferred_no_record
CB 7 REC,CB,2005-11,absent,0,inferred_no_record
CB 7 REC,CB,2005-12,absent,0,inferred_no_record
CB 7 REC,CB,2006-01,absent,0,inferred_no_record
CB 7 REC,CB,2006-02,absent,0,inferred_no_record
CB 7 REC,CB,2006-03,absent,0,inferred_no_record
CB 7 REC,CB,2006-04,absent,0,inferred_no_record
CB 7 REC,CB,2006-05,absent,0,inferred_no_record
CB 7 REC,CB,2006-06,absent,0,inferred_no_record
CB 7 REC,CB,2006-07,absent,0,inferred_no_record
CB 7 REC,CB,2006-08,absent,0,inferred_no_record
CB 7 REC,CB,2006-09,absent,0,inferred_no_record
CB 7 REC,CB,2006-10,absent,0,inferred_no_record
CB 7 REC,CB,2006-11,absent,0,inferred_no_record
CB 7 REC,CB,2006-12,absent,0,inferred_no_record
CB 7 REC,CB,2007-01,absent,0,inferred_no_record
CB 7 REC,CB,2007-02,silent,0,record
CB 7 REC,CB,2007-03,silent,0,record
CB 7 REC,CB,2007-04,silent,0,record
CB 7 REC,CB,2007-05,silent,0,record
CB 7 REC,CB,2007-06,silent,0,record
CB 7 REC,CB,2007-07,silent,0,record
CB 7 REC,CB,2007-08,silent,0,record
CB 7 REC,CB,2007-09,silent,0,record
CB 7 REC,CB,2007-10,silent,0,record
CB 7 REC,CB,2007-11,silent,0,record
CB 7 REC,CB,2007-12,silent,0,record
CB 7 REC,CB,2008-01,active,1,record
CB 7 REC,CB,2008-02,active,1,record
CB 7 REC,CB,2008-03,active,1,record
CB 7 REC,CB,2008-04,active,1,record
CB 7 REC,CB,2008-05,active,1,record
CB 7 REC,CB,2008-06,active,1,record
CB 7 REC,CB,2008-07,silent,0,record
CB 7 REC,CB,2008-08,silent,0,record
CB 7 REC,CB,2008-09,active,1,record
CB 7 REC,CB,2008-10,active,1,record
CB 7 REC,CB,2008-11,silent,0,record
CB 7 REC,CB,2008-12,silent,0,record
CB 7 REC,CB,2009-01,active,1,record
CB 7 REC,CB,2009-02,active,1,record
CB 7 REC,CB,2009-03,active,1,record
CB 7 REC,CB,2009-04,active,1,record
CB 7 REC,CB,2009-05,active,1,record
CB 7 REC,CB,2009-06,active,1,record
CB 7 REC,CB,2009-07,active,1,record
CB 7 REC,CB,2009-08,active,1,record
CB 7 REC,CB,2009-09,active,1,record
CB 7 REC,CB,2009-10,active,1,record
CB 7 REC,CB,2009-11,active,1,record
CB 7 REC,CB,2009-12,silent,0,record
CB 7 REC,CB,2010-01,active,1,record
CB 7 REC,CB,2010-02,active,1,record
CB 7 REC,CB,2010-03,active,1,record
CB 7 REC,CB,2010-04,silent,0,record
CB 7 REC,CB,2010-05,silent,0,record
CB 7 REC,CB,2010-06,silent,0,record
CB 7 REC,CB,2010-07,silent,0,record
CB 7 REC,CB,2010-08,silent,0,record
CB 7 REC,CB,2010-09,silent,0,record
CB 7 REC,CB,2010-10,silent,0,record
CB 7 REC,CB,2010-11,silent,0,record
CB 7 REC,CB,2010-12,silent,0,record
CB 7 REC,CB,2011-01,active,1,record
CB 7 REC,CB,2011-02,active,1,record
CB 7 REC,CB,2011-03,active,1,record
CB 7 REC,CB,2011-04,silent,0,record
CB 7 REC,CB,2011-05,silent,0,record
CB 7 REC,CB,2011-06,silent,0,record
CB 7 REC,CB,2011-07,silent,0,record
CB 7 REC,CB,2011-08,silent,0,record
CB 7 REC,CB,2011-09,silent,0,record
CB 7 REC,CB,2011-10,silent,0,record
CB 7 REC,CB,2011-11,silent,0,record
CB 7 REC,CB,2011-12,silent,0,record
CB 7 REC,CB,2012-01,unknown,0,none
CB 7 REC,CB,2012-02,unknown,0,none
CB 7 REC,CB,2012-03,unknown,0,none
CB 7 REC,CB,2012-04,unknown,0,none
CB 7 REC,CB,2012-05,unknown,0,none
CB 7 REC,CB,2012-06,unknown,0,none
CB 7 REC,CB,2012-07,unknown,0,none
CB 7 REC,CB,2012-08,unknown,0,none
CB 7 REC,CB,2012-09,unknown,0,none
CB 7 REC,CB,2012-10,unknown,0,none
CB 7 REC,CB,2012-11,unknown,0,none
CB 7 REC,CB,2012-12,unknown,0,none
CB 7 REC,CB,2013-01,active,1,record
CB 7 REC,CB,2013-02,active,1,record
CB 7 REC,CB,2013-03,active,1,record
CB 7 REC,CB,2013-04,active,1,record
CB 7 REC,CB,2013-05,active,1,record
CB 7 REC,CB,2013-06,active,1,record
CB 7 REC,CB,2013-07,active,1,record
CB 7 REC,CB,2013-08,active,1,record
CB 7 REC,CB,2013-09,active,1,record
CB 7 REC,CB,2013-10,active,1,record
CB 7 REC,CB,2013-11,active,1,record
CB 7 REC,CB,2013-12,active,1,record
CB 7 REC,CB,2014-01,silent,0,record
CB 7 REC,CB,2014-02,active,1,record
CB 7 REC,CB,2014-03,active,1,record
CB 7 REC,CB,2014-04,active,1,record
CB 7 REC,CB,2014-05,active,1,record
CB 7 REC,CB,2014-06,silent,0,record
CB 7 REC,CB,2014-07,active,1,record
CB 7 REC,CB,2014-08,silent,0,record
CB 7 REC,CB,2014-09,silent,0,record
CB 7 REC,CB,2014-10,silent,0,record
CB 7 REC,CB,2014-11,unknown,0,none
CB 7 REC,CB,2014-12,unknown,0,none
CB 7 REC,CB,2015-01,unknown,0,none
CB 7 REC,CB,2015-02,unknown,0,none
CB 7 REC,CB,2015-03,unknown,0,none
CB 7 REC,CB,2015-04,unknown,0,none
CB 7 REC,CB,2015-05,unknown,0,none
CB 7 REC,CB,2015-06,unknown,0,none
CB 7 REC,CB,2015-07,unknown,0,none
CB 7 REC,CB,2015-08,unknown,0,none
CB 7 REC,CB,2015-09,unknown,0,none
CB 7 REC,CB,2015-10,unknown,0,none
CB 7 REC,CB,2015-11,unknown,0,none
CB 7 REC,CB,2015-12,unknown,0,none
CB 7 REC,CB,2016-01,unknown,0,none
CB 7 REC,CB,2016-02,unknown,0,none
CB 7 REC,CB,2016-03,unknown,0,none
CB 7 REC,CB,2016-04,unknown,0,none
CB 7 REC,CB,2016-05,unknown,0,none
CB 7 REC,CB,2016-06,unknown,0,none
CB 7 REC,CB,2016-07,unknown,0,none
CB 7 REC,CB,2016-08,unknown,0,none
CB 7 REC,CB,2016-09,unknown,0,none
CB 7 REC,CB,2016-10,unknown,0,none
CB 7 REC,CB,2016-11,absent,0,record
CB 7 REC,CB,2016-12,absent,0,record
CB 7 REC,CB,2017-01,absent,0,record
CB 7 REC,CB,2017-02,absent,0,record
CB 7 REC,CB,2017-03,absent,0,record
CB 7 REC,CB,2017-04,absent,0,record
CB 7 REC,CB,2017-05,absent,0,record
CB 7 REC,CB,2017-06,absent,0,record
CB 7 REC,CB,2017-07,absent,0,record
CB 7 REC,CB,2017-08,absent,0,record
CB 7 REC,CB,2017-09,absent,0,record
CB 7 REC,CB,2017-10,absent,0,record
CB 7 REC,CB,2017-11,absent,0,record
CB 7 REC,CB,2017-12,absent,0,record
CB 7 REC,CB,2018-01,absent,0,record
CB 7 REC,CB,2018-02,silent,0,record
CB 7 REC,CB,2018-03,silent,0,record
CB 7 REC,CB,2018-04,absent,0,record
CB 7 REC,CB,2018-05,absent,0,record
CB 7 REC,CB,2018-06,absent,0,record
CB 7 REC,CB,2018-07,absent,0,record
CB 7 REC,CB,2018-08,absent,0,record
CB 7 REC,CB,2018-09,absent,0,record
CB 7 REC,CB,2018-10,absent,0,record
CB 7 REC,CB,2018-11,absent,0,record
CB 7 REC,CB,2018-12,absent,0,record
CB 7 REC,CB,2019-01,absent,0,record
CB 7 REC,CB,2019-02,absent,0,record
CB 7 REC,CB,2019-03,absent,0,record
CB 7 REC,CB,2019-04,absent,0,record
CB 7 REC,CB,2019-05,absent,0,record
CB 7 REC,CB,2019-06,absent,0,record
CB 7 REC,CB,2019-07,absent,0,record
CB 7 REC,CB,2019-08,absent,0,record
CB 7 REC,CB,2019-09,absent,0,record
CB 7 REC,CB,2019-10,absent,0,record
CB 7 REC,CB,2019-11,absent,0,record
CB 7 REC,CB,2019-12,absent,0,record
CB 7 REC,CB,2020-01,absent,0,record
CB 7 REC,CB,2020-02,absent,0,record
CB 7 REC,CB,2020-03,absent,0,record
CB 7 REC,CB,2020-04,absent,0,record
CB 7 REC,CB,2020-05,absent,0,record
CB 7 REC,CB,2020-06,absent,0,record
CB 7 REC,CB,2020-07,absent,0,record
CB 7 REC,CB,2020-08,absent,0,record
CB 7 REC,CB,2020-09,absent,0,record
CB 7 REC,CB,2020-10,absent,0,record
CB 7 REC,CB,2020-11,absent,0,record
CB 7 REC,CB,2020-12,absent,0,record
CB 7 REC,CB,2021-01,absent,0,record
CB 7 REC,CB,2021-02,absent,0,record
CB 7 REC,CB,2021-03,absent,0,record
CB 7 REC,CB,2021-04,absent,0,record
CB 7 REC,CB,2021-05,absent,0,record
CB 7 REC,CB,2021-06,absent,0,record
CB 7 REC,CB,2021-07,absent,0,record
CB 7 REC,CB,2021-08,absent,0,record
CB 7 REC,CB,2021-09,absent,0,record
CB 7 REC,CB,2021-10,absent,0,record
CB 7 REC,CB,2021-11,absent,0,record
CB 7 REC,CB,2021-12,absent,0,record
CB 7 REC,CB,2022-01,absent,0,record
CB 7 REC,CB,2022-02,absent,0,record
CB 7 REC,CB,2022-03,absent,0,record
CB 7 REC,CB,2022-04,absent,0,record
CB 7 REC,CB,2022-05,absent,0,record
CB 7 REC,CB,2022-06,absent,0,record
CB 7 REC,CB,2022-07,absent,0,record
CB 7 REC,CB,2022-08,absent,0,record
CB 7 REC,CB,2022-09,absent,0,record
CB 7 REC,CB,2022-10,absent,0,record
CB 7 REC,CB,2022-11,absent,0,record
CB 7 REC,CB,2022-12,absent,0,inferred_no_record
CB 7 REC,CB,2023-01,absent,0,inferred_no_record
CB 7 REC,CB,2023-02,absent,0,inferred_no_record
CB 7 REC,CB,2023-03,absent,0,inferred_no_record
CB 7 REC,CB,2023-04,absent,0,inferred_no_record
CB 7 REC,CB,2023-05,absent,0,inferred_no_record
CB 7 REC,CB,2023-06,absent,0,inferred_no_record
CB 7 REC,CB,2023-07,absent,0,inferred_no_record
CB 7 REC,CB,2023-08,absent,0,inferred_no_record
CB 7 REC,CB,2023-09,absent,0,inferred_no_record
CB 7 REC,CB,2023-10,absent,0,inferred_no_record
CB 7 REC,CB,2023-11,absent,0,inferred_no_record
CB 7 REC,CB,2023-12,absent,0,inferred_no_record
CB 7 REC,CB,2024-01,absent,0,inferred_no_record
CB 7 REC,CB,2024-02,absent,0,inferred_no_record
CB 7 REC,CB,2024-03,absent,0,inferred_no_record
CB 7 REC,CB,2024-04,absent,0,inferred_no_record
CB 7 REC,CB,2024-05,absent,0,inferred_no_record
CB 7 REC,CB,2024-06,absent,0,inferred_no_record
CB 7 REC,CB,2024-07,absent,0,inferred_no_record
CB 7 REC,CB,2024-08,absent,0,inferred_no_record
CB 7 REC,CB,2024-09,absent,0,inferred_no_record
CB 7 REC,CB,2024-10,absent,0,inferred_no_record
CB 7 REC,CB,2024-11,absent,0,inferred_no_record
CB 7 REC,CB,2024-12,absent,0,inferred_no_record
CB 7 REC,CB,2025-01,absent,0,inferred_no_record
CB 7 REC,CB,2025-02,absent,0,inferred_no_record
CB 7 REC,CB,2025-03,absent,0,inferred_no_record
CB 7 REC,CB,2025-04,absent,0,inferred_no_record
CB 7 REC,CB,2025-05,absent,0,inferred_no_record
CB 7 REC,CB,2025-06,absent,0,inferred_no_record
CB 7 REC,CB,2025-07,absent,0,inferred_no_record
CB 7 REC,CB,2025-08,absent,0,inferred_no_record
CB 7 REC,CB,2025-09,absent,0,inferred_no_record
CB 7 REC,CB,2025-10,absent,0,inferred_no_record
CB 7 REC,CB,2025-11,absent,0,inferred_no_record
CB 7 REC,CB,2025-12,absent,0,inferred_no_record
CB 8 REC,CB,2005-01,absent,0,inferred_no_record
CB 8 REC,CB,2005-02,absent,0,inferred_no_record
CB 8 REC,CB,2005-03,absent,0,inferred_no_record
CB 8 REC,CB,2005-04,absent,0,inferred_no_record
CB 8 REC,CB,2005-05,absent,0,inferred_no_record
CB 8 REC,CB,2005-06,absent,0,inferred_no_record
CB 8 REC,CB,2005-07,absent,0,inferred_no_record
CB 8 REC,CB,2005-08,absent,0,inferred_no_record
CB 8 REC,CB,2005-09,absent,0,inferred_no_record
CB 8 REC,CB,2005-10,absent,0,inferred_no_record
CB 8 REC,CB,2005-11,absent,0,inferred_no_record
CB 8 REC,CB,2005-12,absent,0,inferred_no_record
CB 8 REC,CB,2006-01,absent,0,inferred_no_record
CB 8 REC,CB,2006-02,absent,0,inferred_no_record
CB 8 REC,CB,2006-03,absent,0,inferred_no_record
CB 8 REC,CB,2006-04,absent,0,inferred_no_record
CB 8 REC,CB,2006-05,absent,0,inferred_no_record
CB 8 REC,CB,2006-06,absent,0,inferred_no_record
CB 8 REC,CB,2006-07,absent,0,inferred_no_record
CB 8 REC,CB,2006-08,absent,0,inferred_no_record
CB 8 REC,CB,2006-09,absent,0,inferred_no_record
CB 8 REC,CB,2006-10,absent,0,inferred_no_record
CB 8 REC,CB,2006-11,absent,0,inferred_no_record
CB 8 REC,CB,2006-12,absent,0,inferred_no_record
CB 8 REC,CB,2007-01,absent,0,inferred_no_record
CB 8 REC,CB,2007-02,absent,0,inferred_no_record
CB 8 REC,CB,2007-03,absent,0,inferred_no_record
CB 8 REC,CB,2007-04,absent,0,inferred_no_record
CB 8 REC,CB,2007-05,absent,0,inferred_no_record
CB 8 REC,CB,2007-06,absent,0,inferred_no_record
CB 8 REC,CB,2007-07,absent,0,inferred_no_record
CB 8 REC,CB,2007-08,absent,0,inferred_no_record
CB 8 REC,CB,2007-09,absent,0,inferred_no_record
CB 8 REC,CB,2007-10,absent,0,inferred_no_record
CB 8 REC,CB,2007-11,absent,0,inferred_no_record
CB 8 REC,CB,2007-12,absent,0,inferred_no_record
CB 8 REC,CB,2008-01,active,1,record
CB 8 REC,CB,2008-02,active,1,record
CB 8 REC,CB,2008-03,silent,0,record
CB 8 REC,CB,2008-04,silent,0,record
CB 8 REC,CB,2008-05,silent,0,record
CB 8 REC,CB,2008-06,silent,0,record
CB 8 REC,CB,2008-07,silent,0,record
CB 8 REC,CB,2008-08,silent,0,record
CB 8 REC,CB,2008-09,silent,0,record
CB 8 REC,CB,2008-10,silent,0,record
CB 8 REC,CB,2008-11,silent,0,record
CB 8 REC,CB,2008-12,silent,0,record
CB 8 REC,CB,2009-01,active,1,record
CB 8 REC,CB,2009-02,active,1,record
CB 8 REC,CB,2009-03,silent,0,record
CB 8 REC,CB,2009-04,silent,0,record
CB 8 REC,CB,2009-05,silent,0,record
CB 8 REC,CB,2009-06,silent,0,record
CB 8 REC,CB,2009-07,silent,0,record
CB 8 REC,CB,2009-08,silent,0,record
CB 8 REC,CB,2009-09,silent,0,record
CB 8 REC,CB,2009-10,silent,0,record
CB 8 REC,CB,2009-11,silent,0,record
CB 8 REC,CB,2009-12,silent,0,record
CB 8 REC,CB,2010-01,silent,0,record
CB 8 REC,CB,2010-02,silent,0,record
CB 8 REC,CB,2010-03,silent,0,record
CB 8 REC,CB,2010-04,silent,0,record
CB 8 REC,CB,2010-05,silent,0,record
CB 8 REC,CB,2010-06,silent,0,record
CB 8 REC,CB,2010-07,silent,0,record
CB 8 REC,CB,2010-08,silent,0,record
CB 8 REC,CB,2010-09,silent,0,record
CB 8 REC,CB,2010-10,silent,0,record
CB 8 REC,CB,2010-11,silent,0,record
CB 8 REC,CB,2010-12,silent,0,record
CB 8 REC,CB,2011-01,silent,0,record
CB 8 REC,CB,2011-02,silent,0,record
CB 8 REC,CB,2011-03,silent,0,record
CB 8 REC,CB,2011-04,silent,0,record
CB 8 REC,CB,2011-05,silent,0,record
CB 8 REC,CB,2011-06,silent,0,record
CB 8 REC,CB,2011-07,silent,0,record
CB 8 REC,CB,2011-08,silent,0,record
CB 8 REC,CB,2011-09,silent,0,record
CB 8 REC,CB,2011-10,silent,0,record
CB 8 REC,CB,2011-11,silent,0,record
CB 8 REC,CB,2011-12,silent,0,record
CB 8 REC,CB,2012-01,silent,0,record
CB 8 REC,CB,2012-02,silent,0,record
CB 8 REC,CB,2012-03,silent,0,record
CB 8 REC,CB,2012-04,silent,0,record
CB 8 REC,CB,2012-05,silent,0,record
CB 8 REC,CB,2012-06,silent,0,record
CB 8 REC,CB,2012-07,silent,0,record
CB 8 REC,CB,2012-08,silent,0,record
CB 8 REC,CB,2012-09,silent,0,record
CB 8 REC,CB,2012-10,silent,0,record
CB 8 REC,CB,2012-11,unknown,0,none
CB 8 REC,CB,2012-12,unknown,0,none
CB 8 REC,CB,2013-01,silent,0,download_header
CB 8 REC,CB,2013-02,silent,0,download_header
CB 8 REC,CB,2013-03,silent,0,download_header
CB 8 REC,CB,2013-04,silent,0,download_header
CB 8 REC,CB,2013-05,silent,0,download_header
CB 8 REC,CB,2013-06,active,1,record
CB 8 REC,CB,2013-07,active,1,record
CB 8 REC,CB,2013-08,active,1,record
CB 8 REC,CB,2013-09,silent,0,record
CB 8 REC,CB,2013-10,active,1,record
CB 8 REC,CB,2013-11,silent,0,record
CB 8 REC,CB,2013-12,silent,0,record
CB 8 REC,CB,2014-01,silent,0,record
CB 8 REC,CB,2014-02,silent,0,record
CB 8 REC,CB,2014-03,silent,0,record
CB 8 REC,CB,2014-04,silent,0,record
CB 8 REC,CB,2014-05,active,1,record
CB 8 REC,CB,2014-06,active,1,record
CB 8 REC,CB,2014-07,active,1,record
CB 8 REC,CB,2014-08,active,1,record
CB 8 REC,CB,2014-09,silent,0,record
CB 8 REC,CB,2014-10,silent,0,record
CB 8 REC,CB,2014-11,unknown,0,none
CB 8 REC,CB,2014-12,unknown,0,none
CB 8 REC,CB,2015-01,unknown,0,none
CB 8 REC,CB,2015-02,unknown,0,none
CB 8 REC,CB,2015-03,unknown,0,none
CB 8 REC,CB,2015-04,unknown,0,none
CB 8 REC,CB,2015-05,unknown,0,none
CB 8 REC,CB,2015-06,unknown,0,none
CB 8 REC,CB,2015-07,unknown,0,none
CB 8 REC,CB,2015-08,unknown,0,none
CB 8 REC,CB,2015-09,unknown,0,none
CB 8 REC,CB,2015-10,unknown,0,none
CB 8 REC,CB,2015-11,unknown,0,none
CB 8 REC,CB,2015-12,unknown,0,none
CB 8 REC,CB,2016-01,unknown,0,none
CB 8 REC,CB,2016-02,unknown,0,none
CB 8 REC,CB,2016-03,unknown,0,none
CB 8 REC,CB,2016-04,unknown,0,none
CB 8 REC,CB,2016-05,unknown,0,none
CB 8 REC,CB,2016-06,unknown,0,none
CB 8 REC,CB,2016-07,unknown,0,none
CB 8 REC,CB,2016-08,unknown,0,none
CB 8 REC,CB,2016-09,unknown,0,none
CB 8 REC,CB,2016-10,unknown,0,none
CB 8 REC,CB,2016-11,absent,0,record
CB 8 REC,CB,2016-12,absent,0,record
CB 8 REC,CB,2017-01,absent,0,record
CB 8 REC,CB,2017-02,absent,0,record
CB 8 REC,CB,2017-03,absent,0,record
CB 8 REC,CB,2017-04,absent,0,record
CB 8 REC,CB,2017-05,absent,0,record
CB 8 REC,CB,2017-06,absent,0,record
CB 8 REC,CB,2017-07,absent,0,record
CB 8 REC,CB,2017-08,absent,0,record
CB 8 REC,CB,2017-09,absent,0,record
CB 8 REC,CB,2017-10,absent,0,record
CB 8 REC,CB,2017-11,absent,0,record
CB 8 REC,CB,2017-12,absent,0,record
CB 8 REC,CB,2018-01,absent,0,record
CB 8 REC,CB,2018-02,silent,0,record
CB 8 REC,CB,2018-03,silent,0,record
CB 8 REC,CB,2018-04,absent,0,record
CB 8 REC,CB,2018-05,absent,0,record
CB 8 REC,CB,2018-06,absent,0,record
CB 8 REC,CB,2018-07,absent,0,record
CB 8 REC,CB,2018-08,absent,0,record
CB 8 REC,CB,2018-09,absent,0,record
CB 8 REC,CB,2018-10,absent,0,record
CB 8 REC,CB,2018-11,absent,0,record
CB 8 REC,CB,2018-12,absent,0,record
CB 8 REC,CB,2019-01,absent,0,record
CB 8 REC,CB,2019-02,absent,0,record
CB 8 REC,CB,2019-03,absent,0,record
CB 8 REC,CB,2019-04,absent,0,record
CB 8 REC,CB,2019-05,absent,0,record
CB 8 REC,CB,2019-06,absent,0,record
CB 8 REC,CB,2019-07,absent,0,record
CB 8 REC,CB,2019-08,absent,0,record
CB 8 REC,CB,2019-09,absent,0,record
CB 8 REC,CB,2019-10,absent,0,record
CB 8 REC,CB,2019-11,absent,0,record
CB 8 REC,CB,2019-12,absent,0,record
CB 8 REC,CB,2020-01,absent,0,record
CB 8 REC,CB,2020-02,absent,0,record
CB 8 REC,CB,2020-03,absent,0,record
CB 8 REC,CB,2020-04,absent,0,record
CB 8 REC,CB,2020-05,absent,0,record
CB 8 REC,CB,2020-06,absent,0,record
CB 8 REC,CB,2020-07,absent,0,record
CB 8 REC,CB,2020-08,absent,0,record
CB 8 REC,CB,2020-09,absent,0,record
CB 8 REC,CB,2020-10,absent,0,record
CB 8 REC,CB,2020-11,absent,0,record
CB 8 REC,CB,2020-12,absent,0,record
CB 8 REC,CB,2021-01,absent,0,record
CB 8 REC,CB,2021-02,absent,0,record
CB 8 REC,CB,2021-03,absent,0,record
CB 8 REC,CB,2021-04,absent,0,record
CB 8 REC,CB,2021-05,absent,0,record
CB 8 REC,CB,2021-06,absent,0,record
CB 8 REC,CB,2021-07,absent,0,record
CB 8 REC,CB,2021-08,absent,0,record
CB 8 REC,CB,2021-09,absent,0,record
CB 8 REC,CB,2021-10,absent,0,record
CB 8 REC,CB,2021-11,absent,0,record
CB 8 REC,CB,2021-12,absent,0,record
CB 8 REC,CB,2022-01,absent,0,record
CB 8 REC,CB,2022-02,absent,0,record
CB 8 REC,CB,2022-03,absent,0,record
CB 8 REC,CB,2022-04,absent,0,record
CB 8 REC,CB,2022-05,absent,0,record
CB 8 REC,CB,2022-06,absent,0,record
CB 8 REC,CB,2022-07,absent,0,record
CB 8 REC,CB,2022-08,absent,0,record
CB 8 REC,CB,2022-09,absent,0,record
CB 8 REC,CB,2022-10,absent,0,record
CB 8 REC,CB,2022-11,absent,0,record
CB 8 REC,CB,2022-12,absent,0,inferred_no_record
CB 8 REC,CB,2023-01,absent,0,inferred_no_record
CB 8 REC,CB,2023-02,absent,0,inferred_no_record
CB 8 REC,CB,2023-03,absent,0,inferred_no_record
CB 8 REC,CB,2023-04,absent,0,inferred_no_record
CB 8 REC,CB,2023-05,absent,0,inferred_no_record
CB 8 REC,CB,2023-06,absent,0,inferred_no_record
CB 8 REC,CB,2023-07,absent,0,inferred_no_record
CB 8 REC,CB,2023-08,absent,0,inferred_no_record
CB 8 REC,CB,2023-09,absent,0,inferred_no_record
CB 8 REC,CB,2023-10,absent,0,inferred_no_record
CB 8 REC,CB,2023-11,absent,0,inferred_no_record
CB 8 REC,CB,2023-12,absent,0,inferred_no_record
CB 8 REC,CB,2024-01,absent,0,inferred_no_record
CB 8 REC,CB,2024-02,absent,0,inferred_no_record
CB 8 REC,CB,2024-03,absent,0,inferred_no_record
CB 8 REC,CB,2024-04,absent,0,inferred_no_record
CB 8 REC,CB,2024-05,absent,0,inferred_no_record
CB 8 REC,CB,2024-06,absent,0,inferred_no_record
CB 8 REC,CB,2024-07,absent,0,inferred_no_record
CB 8 REC,CB,2024-08,absent,0,inferred_no_record
CB 8 REC,CB,2024-09,absent,0,inferred_no_record
CB 8 REC,CB,2024-10,absent,0,inferred_no_record
CB 8 REC,CB,2024-11,absent,0,inferred_no_record
CB 8 REC,CB,2024-12,absent,0,inferred_no_record
CB 8 REC,CB,2025-01,absent,0,inferred_no_record
CB 8 REC,CB,2025-02,absent,0,inferred_no_record
CB 8 REC,CB,2025-03,absent,0,inferred_no_record
CB 8 REC,CB,2025-04,absent,0,inferred_no_record
CB 8 REC,CB,2025-05,absent,0,inferred_no_record
CB 8 REC,CB,2025-06,absent,0,inferred_no_record
CB 8 REC,CB,2025-07,absent,0,inferred_no_record
CB 8 REC,CB,2025-08,absent,0,inferred_no_record
CB 8 REC,CB,2025-09,absent,0,inferred_no_record
CB 8 REC,CB,2025-10,absent,0,inferred_no_record
CB 8 REC,CB,2025-11,absent,0,inferred_no_record
CB 8 REC,CB,2025-12,absent,0,inferred_no_record
CB EE REC,CB,2005-01,absent,0,inferred_no_record
CB EE REC,CB,2005-02,absent,0,inferred_no_record
CB EE REC,CB,2005-03,absent,0,inferred_no_record
CB EE REC,CB,2005-04,absent,0,inferred_no_record
CB EE REC,CB,2005-05,absent,0,inferred_no_record
CB EE REC,CB,2005-06,absent,0,inferred_no_record
CB EE REC,CB,2005-07,absent,0,inferred_no_record
CB EE REC,CB,2005-08,absent,0,inferred_no_record
CB EE REC,CB,2005-09,absent,0,inferred_no_record
CB EE REC,CB,2005-10,absent,0,inferred_no_record
CB EE REC,CB,2005-11,absent,0,inferred_no_record
CB EE REC,CB,2005-12,absent,0,inferred_no_record
CB EE REC,CB,2006-01,absent,0,inferred_no_record
CB EE REC,CB,2006-02,absent,0,inferred_no_record
CB EE REC,CB,2006-03,absent,0,inferred_no_record
CB EE REC,CB,2006-04,absent,0,inferred_no_record
CB EE REC,CB,2006-05,absent,0,inferred_no_record
CB EE REC,CB,2006-06,absent,0,inferred_no_record
CB EE REC,CB,2006-07,absent,0,inferred_no_record
CB EE REC,CB,2006-08,absent,0,inferred_no_record
CB EE REC,CB,2006-09,absent,0,inferred_no_record
CB EE REC,CB,2006-10,active,1,record
CB EE REC,CB,2006-11,silent,0,record
CB EE REC,CB,2006-12,active,1,record
CB EE REC,CB,2007-01,active,1,record
CB EE REC,CB,2007-02,active,1,record
CB EE REC,CB,2007-03,active,1,record
CB EE REC,CB,2007-04,silent,0,download_header
CB EE REC,CB,2007-05,silent,0,download_header
CB EE REC,CB,2007-06,silent,0,download_header
CB EE REC,CB,2007-07,silent,0,download_header
CB EE REC,CB,2007-08,silent,0,download_header
CB EE REC,CB,2007-09,silent,0,download_header
CB EE REC,CB,2007-10,silent,0,record
CB EE REC,CB,2007-11,silent,0,record
CB EE REC,CB,2007-12,silent,0,record
CB EE REC,CB,2008-01,active,1,record
CB EE REC,CB,2008-02,active,1,record
CB EE REC,CB,2008-03,active,1,record
CB EE REC,CB,2008-04,active,1,record
CB EE REC,CB,2008-05,active,1,record
CB EE REC,CB,2008-06,active,1,record
CB EE REC,CB,2008-07,active,1,record
CB EE REC,CB,2008-08,active,1,record
CB EE REC,CB,2008-09,active,1,record
CB EE REC,CB,2008-10,active,1,record
CB EE REC,CB,2008-11,active,1,record
CB EE REC,CB,2008-12,active,1,record
CB EE REC,CB,2009-01,active,1,record
CB EE REC,CB,2009-02,active,1,record
CB EE REC,CB,2009-03,active,1,record
CB EE REC,CB,2009-04,active,1,record
CB EE REC,CB,2009-05,active,1,record
CB EE REC,CB,2009-06,active,1,record
CB EE REC,CB,2009-07,active,1,record
CB EE REC,CB,2009-08,active,1,record
CB EE REC,CB,2009-09,active,1,record
CB EE REC,CB,2009-10,silent,0,record
CB EE REC,CB,2009-11,silent,0,record
CB EE REC,CB,2009-12,silent,0,record
CB EE REC,CB,2010-01,active,1,record
CB EE REC,CB,2010-02,active,1,record
CB EE REC,CB,2010-03,active,1,record
CB EE REC,CB,2010-04,active,1,record
CB EE REC,CB,2010-05,silent,0,record
CB EE REC,CB,2010-06,silent,0,record
CB EE REC,CB,2010-07,silent,0,record
CB EE REC,CB,2010-08,silent,0,record
CB EE REC,CB,2010-09,silent,0,record
CB EE REC,CB,2010-10,silent,0,record
CB EE REC,CB,2010-11,silent,0,record
CB EE REC,CB,2010-12,silent,0,record
CB EE REC,CB,2011-01,active,1,record
CB EE REC,CB,2011-02,active,1,record
CB EE REC,CB,2011-03,active,1,record
CB EE REC,CB,2011-04,silent,0,record
CB EE REC,CB,2011-05,silent,0,record
CB EE REC,CB,2011-06,silent,0,record
CB EE REC,CB,2011-07,active,1,record
CB EE REC,CB,2011-08,active,1,record
CB EE REC,CB,2011-09,silent,0,record
CB EE REC,CB,2011-10,silent,0,record
CB EE REC,CB,2011-11,silent,0,record
CB EE REC,CB,2011-12,silent,0,record
CB EE REC,CB,2012-01,silent,0,record
CB EE REC,CB,2012-02,silent,0,record
CB EE REC,CB,2012-03,silent,0,record
CB EE REC,CB,2012-04,silent,0,record
CB EE REC,CB,2012-05,silent,0,record
CB EE REC,CB,2012-06,silent,0,record
CB EE REC,CB,2012-07,silent,0,record
CB EE REC,CB,2012-08,silent,0,record
CB EE REC,CB,2012-09,silent,0,record
CB EE REC,CB,2012-10,silent,0,record
CB EE REC,CB,2012-11,silent,0,record
CB EE REC,CB,2012-12,silent,0,record
CB EE REC,CB,2013-01,silent,0,record
CB EE REC,CB,2013-02,unknown,0,none
CB EE REC,CB,2013-03,unknown,0,none
CB EE REC,CB,2013-04,unknown,0,none
CB EE REC,CB,2013-05,unknown,0,none
CB EE REC,CB,2013-06,unknown,0,none
CB EE REC,CB,2013-07,unknown,0,none
CB EE REC,CB,2013-08,unknown,0,none
CB EE REC,CB,2013-09,unknown,0,none
CB EE REC,CB,2013-10,unknown,0,none
CB EE REC,CB,2013-11,unknown,0,none
CB EE REC,CB,2013-12,unknown,0,none
CB EE REC,CB,2014-01,unknown,0,none
CB EE REC,CB,2014-02,unknown,0,none
CB EE REC,CB,2014-03,unknown,0,none
CB EE REC,CB,2014-04,unknown,0,none
CB EE REC,CB,2014-05,unknown,0,none
CB EE REC,CB,2014-06,unknown,0,none
CB EE REC,CB,2014-07,unknown,0,none
CB EE REC,CB,2014-08,unknown,0,none
CB EE REC,CB,2014-09,unknown,0,none
CB EE REC,CB,2014-10,unknown,0,none
CB EE REC,CB,2014-11,unknown,0,none
CB EE REC,CB,2014-12,unknown,0,none
CB EE REC,CB,2015-01,unknown,0,none
CB EE REC,CB,2015-02,unknown,0,none
CB EE REC,CB,2015-03,unknown,0,none
CB EE REC,CB,2015-04,unknown,0,none
CB EE REC,CB,2015-05,unknown,0,none
CB EE REC,CB,2015-06,unknown,0,none
CB EE REC,CB,2015-07,unknown,0,none
CB EE REC,CB,2015-08,unknown,0,none
CB EE REC,CB,2015-09,silent,0,download_header
CB EE REC,CB,2015-10,silent,0,download_header
CB EE REC,CB,2015-11,silent,0,download_header
CB EE REC,CB,2015-12,silent,0,download_header
CB EE REC,CB,2016-01,silent,0,download_header
CB EE REC,CB,2016-02,silent,0,download_header
CB EE REC,CB,2016-03,silent,0,download_header
CB EE REC,CB,2016-04,silent,0,download_header
CB EE REC,CB,2016-05,silent,0,download_header
CB EE REC,CB,2016-06,silent,0,download_header
CB EE REC,CB,2016-07,silent,0,download_header
CB EE REC,CB,2016-08,silent,0,download_header
CB EE REC,CB,2016-09,silent,0,download_header
CB EE REC,CB,2016-10,silent,0,record
CB EE REC,CB,2016-11,silent,0,record
CB EE REC,CB,2016-12,active,1,record
CB EE REC,CB,2017-01,silent,0,record
CB EE REC,CB,2017-02,silent,0,record
CB EE REC,CB,2017-03,active,1,record
CB EE REC,CB,2017-04,active,1,record
CB EE REC,CB,2017-05,silent,0,record
CB EE REC,CB,2017-06,silent,0,record
CB EE REC,CB,2017-07,silent,0,record
CB EE REC,CB,2017-08,silent,0,record
CB EE REC,CB,2017-09,active,1,record
CB EE REC,CB,2017-10,active,1,record
CB EE REC,CB,2017-11,active,1,record
CB EE REC,CB,2017-12,active,1,record
CB EE REC,CB,2018-01,active,1,record
CB EE REC,CB,2018-02,active,1,record
CB EE REC,CB,2018-03,silent,0,record
CB EE REC,CB,2018-04,silent,0,record
CB EE REC,CB,2018-05,silent,0,record
CB EE REC,CB,2018-06,silent,0,record
CB EE REC,CB,2018-07,silent,0,record
CB EE REC,CB,2018-08,silent,0,record
CB EE REC,CB,2018-09,silent,0,record
CB EE REC,CB,2018-10,active,1,record
CB EE REC,CB,2018-11,silent,0,record
CB EE REC,CB,2018-12,silent,0,record
CB EE REC,CB,2019-01,silent,0,record
CB EE REC,CB,2019-02,silent,0,record
CB EE REC,CB,2019-03,silent,0,record
CB EE REC,CB,2019-04,silent,0,record
CB EE REC,CB,2019-05,silent,0,record
CB EE REC,CB,2019-06,active,1,record
CB EE REC,CB,2019-07,silent,0,record
CB EE REC,CB,2019-08,silent,0,record
CB EE REC,CB,2019-09,silent,0,record
CB EE REC,CB,2019-10,active,1,record
CB EE REC,CB,2019-11,silent,0,record
CB EE REC,CB,2019-12,silent,0,record
CB EE REC,CB,2020-01,silent,0,record
CB EE REC,CB,2020-02,silent,0,record
CB EE REC,CB,2020-03,silent,0,record
CB EE REC,CB,2020-04,silent,0,record
CB EE REC,CB,2020-05,silent,0,record
CB EE REC,CB,2020-06,silent,0,record
CB EE REC,CB,2020-07,silent,0,record
CB EE REC,CB,2020-08,silent,0,record
CB EE REC,CB,2020-09,silent,0,record
CB EE REC,CB,2020-10,active,1,record
CB EE REC,CB,2020-11,silent,0,record
CB EE REC,CB,2020-12,silent,0,record
CB EE REC,CB,2021-01,silent,0,record
CB EE REC,CB,2021-02,silent,0,record
CB EE REC,CB,2021-03,silent,0,record
CB EE REC,CB,2021-04,silent,0,record
CB EE REC,CB,2021-05,silent,0,record
CB EE REC,CB,2021-06,silent,0,record
CB EE REC,CB,2021-07,silent,0,record
CB EE REC,CB,2021-08,silent,0,record
CB EE REC,CB,2021-09,silent,0,record
CB EE REC,CB,2021-10,active,1,record
CB EE REC,CB,2021-11,silent,0,record
CB EE REC,CB,2021-12,silent,0,record
CB EE REC,CB,2022-01,silent,0,record
CB EE REC,CB,2022-02,silent,0,record
CB EE REC,CB,2022-03,silent,0,record
CB EE REC,CB,2022-04,silent,0,record
CB EE REC,CB,2022-05,silent,0,record
CB EE REC,CB,2022-06,silent,0,record
CB EE REC,CB,2022-07,silent,0,record
CB EE REC,CB,2022-08,silent,0,record
CB EE REC,CB,2022-09,silent,0,record
CB EE REC,CB,2022-10,active,1,record
CB EE REC,CB,2022-11,silent,0,record
CB EE REC,CB,2022-12,silent,0,record
CB EE REC,CB,2023-01,silent,0,record
CB EE REC,CB,2023-02,silent,0,record
CB EE REC,CB,2023-03,silent,0,record
CB EE REC,CB,2023-04,silent,0,record
CB EE REC,CB,2023-05,silent,0,record
CB EE REC,CB,2023-06,silent,0,record
CB EE REC,CB,2023-07,silent,0,record
CB EE REC,CB,2023-08,silent,0,record
CB EE REC,CB,2023-09,silent,0,record
CB EE REC,CB,2023-10,silent,0,record
CB EE REC,CB,2023-11,silent,0,record
CB EE REC,CB,2023-12,silent,0,record
CB EE REC,CB,2024-01,silent,0,record
CB EE REC,CB,2024-02,silent,0,record
CB EE REC,CB,2024-03,silent,0,record
CB EE REC,CB,2024-04,silent,0,record
CB EE REC,CB,2024-05,silent,0,record
CB EE REC,CB,2024-06,silent,0,record
CB EE REC,CB,2024-07,silent,0,record
CB EE REC,CB,2024-08,silent,0,record
CB EE REC,CB,2024-09,silent,0,record
CB EE REC,CB,2024-10,silent,0,record
CB EE REC,CB,2024-11,silent,0,record
CB EE REC,CB,2024-12,silent,0,record
CB EE REC,CB,2025-01,silent,0,record
CB EE REC,CB,2025-02,silent,0,record
CB EE REC,CB,2025-03,silent,0,record
CB EE REC,CB,2025-04,silent,0,record
CB EE REC,CB,2025-05,silent,0,record
CB EE REC,CB,2025-06,silent,0,record
CB EE REC,CB,2025-07,silent,0,record
CB EE REC,CB,2025-08,silent,0,record
CB EE REC,CB,2025-09,silent,0,record
CB EE REC,CB,2025-10,absent,0,inferred_no_record
CB EE REC,CB,2025-11,absent,0,inferred_no_record
CB EE REC,CB,2025-12,absent,0,inferred_no_record
CB NE,CB,2005-01,absent,0,inferred_no_record
CB NE,CB,2005-02,absent,0,inferred_no_record
CB NE,CB,2005-03,absent,0,inferred_no_record
CB NE,CB,2005-04,absent,0,inferred_no_record
CB NE,CB,2005-05,absent,0,inferred_no_record
CB NE,CB,2005-06,absent,0,inferred_no_record
CB NE,CB,2005-07,absent,0,inferred_no_record
CB NE,CB,2005-08,absent,0,inferred_no_record
CB NE,CB,2005-09,absent,0,inferred_no_record
CB NE,CB,2005-10,absent,0,inferred_no_record
CB NE,CB,2005-11,absent,0,inferred_no_record
CB NE,CB,2005-12,absent,0,inferred_no_record
CB NE,CB,2006-01,absent,0,inferred_no_record
CB NE,CB,2006-02,absent,0,inferred_no_record
CB NE,CB,2006-03,absent,0,inferred_no_record
CB NE,CB,2006-04,absent,0,inferred_no_record
CB NE,CB,2006-05,absent,0,inferred_no_record
CB NE,CB,2006-06,absent,0,inferred_no_record
CB NE,CB,2006-07,absent,0,inferred_no_record
CB NE,CB,2006-08,absent,0,inferred_no_record
CB NE,CB,2006-09,absent,0,inferred_no_record
CB NE,CB,2006-10,active,1,record
CB NE,CB,2006-11,silent,0,record
CB NE,CB,2006-12,silent,0,record
CB NE,CB,2007-01,active,1,record
CB NE,CB,2007-02,active,1,record
CB NE,CB,2007-03,active,1,record
CB NE,CB,2007-04,silent,0,record
CB NE,CB,2007-05,silent,0,record
CB NE,CB,2007-06,silent,0,record
CB NE,CB,2007-07,silent,0,record
CB NE,CB,2007-08,silent,0,record
CB NE,CB,2007-09,silent,0,record
CB NE,CB,2007-10,silent,0,record
CB NE,CB,2007-11,silent,0,record
CB NE,CB,2007-12,silent,0,record
CB NE,CB,2008-01,active,1,record
CB NE,CB,2008-02,active,1,record
CB NE,CB,2008-03,active,1,record
CB NE,CB,2008-04,active,1,record
CB NE,CB,2008-05,active,1,record
CB NE,CB,2008-06,active,1,record
CB NE,CB,2008-07,active,1,record
CB NE,CB,2008-08,active,1,record
CB NE,CB,2008-09,active,1,record
CB NE,CB,2008-10,active,1,record
CB NE,CB,2008-11,active,1,record
CB NE,CB,2008-12,active,1,record
CB NE,CB,2009-01,active,1,record
CB NE,CB,2009-02,active,1,record
CB NE,CB,2009-03,active,1,record
CB NE,CB,2009-04,active,1,record
CB NE,CB,2009-05,active,1,record
CB NE,CB,2009-06,active,1,record
CB NE,CB,2009-07,active,1,record
CB NE,CB,2009-08,active,1,record
CB NE,CB,2009-09,active,1,record
CB NE,CB,2009-10,active,1,record
CB NE,CB,2009-11,active,1,record
CB NE,CB,2009-12,active,1,record
CB NE,CB,2010-01,active,1,record
CB NE,CB,2010-02,active,1,record
CB NE,CB,2010-03,active,1,record
CB NE,CB,2010-04,active,1,record
CB NE,CB,2010-05,active,1,record
CB NE,CB,2010-06,active,1,record
CB NE,CB,2010-07,active,1,record
CB NE,CB,2010-08,active,1,record
CB NE,CB,2010-09,active,1,record
CB NE,CB,2010-10,active,1,record
CB NE,CB,2010-11,active,1,record
CB NE,CB,2010-12,active,1,record
CB NE,CB,2011-01,active,1,record
CB NE,CB,2011-02,active,1,record
CB NE,CB,2011-03,active,1,record
CB NE,CB,2011-04,active,1,record
CB NE,CB,2011-05,silent,0,record
CB NE,CB,2011-06,active,1,record
CB NE,CB,2011-07,silent,0,record
CB NE,CB,2011-08,silent,0,record
CB NE,CB,2011-09,silent,0,record
CB NE,CB,2011-10,silent,0,record
CB NE,CB,2011-11,silent,0,record
CB NE,CB,2011-12,silent,0,record
CB NE,CB,2012-01,silent,0,record
CB NE,CB,2012-02,silent,0,record
CB NE,CB,2012-03,silent,0,record
CB NE,CB,2012-04,silent,0,record
CB NE,CB,2012-05,silent,0,record
CB NE,CB,2012-06,silent,0,record
CB NE,CB,2012-07,silent,0,record
CB NE,CB,2012-08,silent,0,record
CB NE,CB,2012-09,silent,0,record
CB NE,CB,2012-10,silent,0,record
CB NE,CB,2012-11,silent,0,record
CB NE,CB,2012-12,silent,0,record
CB NE,CB,2013-01,silent,0,record
CB NE,CB,2013-02,silent,0,record
CB NE,CB,2013-03,silent,0,record
CB NE,CB,2013-04,silent,0,record
CB NE,CB,2013-05,silent,0,record
CB NE,CB,2013-06,silent,0,record
CB NE,CB,2013-07,silent,0,record
CB NE,CB,2013-08,silent,0,record
CB NE,CB,2013-09,silent,0,record
CB NE,CB,2013-10,silent,0,record
CB NE,CB,2013-11,silent,0,record
CB NE,CB,2013-12,silent,0,record
CB NE,CB,2014-01,silent,0,record
CB NE,CB,2014-02,silent,0,record
CB NE,CB,2014-03,silent,0,record
CB NE,CB,2014-04,silent,0,record
CB NE,CB,2014-05,silent,0,record
CB NE,CB,2014-06,silent,0,record
CB NE,CB,2014-07,silent,0,record
CB NE,CB,2014-08,silent,0,record
CB NE,CB,2014-09,silent,0,record
CB NE,CB,2014-10,silent,0,record
CB NE,CB,2014-11,unknown,0,none
CB NE,CB,2014-12,unknown,0,none
CB NE,CB,2015-01,unknown,0,none
CB NE,CB,2015-02,unknown,0,none
CB NE,CB,2015-03,unknown,0,none
CB NE,CB,2015-04,unknown,0,none
CB NE,CB,2015-05,unknown,0,none
CB NE,CB,2015-06,unknown,0,none
CB NE,CB,2015-07,unknown,0,none
CB NE,CB,2015-08,unknown,0,none
CB NE,CB,2015-09,unknown,0,none
CB NE,CB,2015-10,unknown,0,none
CB NE,CB,2015-11,unknown,0,none
CB NE,CB,2015-12,unknown,0,none
CB NE,CB,2016-01,unknown,0,none
CB NE,CB,2016-02,unknown,0,none
CB NE,CB,2016-03,unknown,0,none
CB NE,CB,2016-04,unknown,0,none
CB NE,CB,2016-05,unknown,0,none
CB NE,CB,2016-06,unknown,0,none
CB NE,CB,2016-07,unknown,0,none
CB NE,CB,2016-08,unknown,0,none
CB NE,CB,2016-09,unknown,0,none
CB NE,CB,2016-10,unknown,0,none
CB NE,CB,2016-11,absent,0,record
CB NE,CB,2016-12,absent,0,record
CB NE,CB,2017-01,absent,0,record
CB NE,CB,2017-02,absent,0,record
CB NE,CB,2017-03,active,1,record
CB NE,CB,2017-04,silent,0,record
CB NE,CB,2017-05,silent,0,record
CB NE,CB,2017-06,silent,0,record
CB NE,CB,2017-07,active,1,record
CB NE,CB,2017-08,silent,0,record
CB NE,CB,2017-09,silent,0,record
CB NE,CB,2017-10,active,1,record
CB NE,CB,2017-11,silent,0,record
CB NE,CB,2017-12,silent,0,record
CB NE,CB,2018-01,active,1,record
CB NE,CB,2018-02,silent,0,record
CB NE,CB,2018-03,silent,0,record
CB NE,CB,2018-04,silent,0,record
CB NE,CB,2018-05,silent,0,record
CB NE,CB,2018-06,silent,0,record
CB NE,CB,2018-07,silent,0,record
CB NE,CB,2018-08,silent,0,record
CB NE,CB,2018-09,silent,0,record
CB NE,CB,2018-10,active,1,record
CB NE,CB,2018-11,silent,0,record
CB NE,CB,2018-12,silent,0,record
CB NE,CB,2019-01,silent,0,record
CB NE,CB,2019-02,silent,0,record
CB NE,CB,2019-03,silent,0,record
CB NE,CB,2019-04,silent,0,record
CB NE,CB,2019-05,silent,0,record
CB NE,CB,2019-06,active,1,record
CB NE,CB,2019-07,silent,0,record
CB NE,CB,2019-08,silent,0,record
CB NE,CB,2019-09,silent,0,record
CB NE,CB,2019-10,active,1,record
CB NE,CB,2019-11,silent,0,record
CB NE,CB,2019-12,active,1,record
CB NE,CB,2020-01,silent,0,record
CB NE,CB,2020-02,silent,0,record
CB NE,CB,2020-03,silent,0,record
CB NE,CB,2020-04,silent,0,record
CB NE,CB,2020-05,silent,0,record
CB NE,CB,2020-06,silent,0,record
CB NE,CB,2020-07,silent,0,record
CB NE,CB,2020-08,silent,0,record
CB NE,CB,2020-09,active,1,record
CB NE,CB,2020-10,active,1,record
CB NE,CB,2020-11,silent,0,record
CB NE,CB,2020-12,silent,0,record
CB NE,CB,2021-01,silent,0,record
CB NE,CB,2021-02,silent,0,record
CB NE,CB,2021-03,silent,0,record
CB NE,CB,2021-04,silent,0,record
CB NE,CB,2021-05,silent,0,record
CB NE,CB,2021-06,silent,0,record
CB NE,CB,2021-07,silent,0,record
CB NE,CB,2021-08,silent,0,record
CB NE,CB,2021-09,silent,0,record
CB NE,CB,2021-10,active,1,record
CB NE,CB,2021-11,silent,0,record
CB NE,CB,2021-12,silent,0,record
CB NE,CB,2022-01,silent,0,record
CB NE,CB,2022-02,silent,0,record
CB NE,CB,2022-03,silent,0,record
CB NE,CB,2022-04,silent,0,record
CB NE,CB,2022-05,silent,0,record
CB NE,CB,2022-06,silent,0,record
CB NE,CB,2022-07,silent,0,record
CB NE,CB,2022-08,silent,0,record
CB NE,CB,2022-09,silent,0,record
CB NE,CB,2022-10,active,1,record
CB NE,CB,2022-11,silent,0,record
CB NE,CB,2022-12,absent,0,inferred_no_record
CB NE,CB,2023-01,absent,0,inferred_no_record
CB NE,CB,2023-02,absent,0,inferred_no_record
CB NE,CB,2023-03,absent,0,inferred_no_record
CB NE,CB,2023-04,absent,0,inferred_no_record
CB NE,CB,2023-05,absent,0,inferred_no_record
CB NE,CB,2023-06,absent,0,inferred_no_record
CB NE,CB,2023-07,absent,0,inferred_no_record
CB NE,CB,2023-08,absent,0,inferred_no_record
CB NE,CB,2023-09,absent,0,inferred_no_record
CB NE,CB,2023-10,absent,0,inferred_no_record
CB NE,CB,2023-11,absent,0,inferred_no_record
CB NE,CB,2023-12,absent,0,inferred_no_record
CB NE,CB,2024-01,absent,0,inferred_no_record
CB NE,CB,2024-02,absent,0,inferred_no_record
CB NE,CB,2024-03,absent,0,inferred_no_record
CB NE,CB,2024-04,absent,0,inferred_no_record
CB NE,CB,2024-05,absent,0,inferred_no_record
CB NE,CB,2024-06,absent,0,inferred_no_record
CB NE,CB,2024-07,absent,0,inferred_no_record
CB NE,CB,2024-08,absent,0,inferred_no_record
CB NE,CB,2024-09,absent,0,inferred_no_record
CB NE,CB,2024-10,absent,0,inferred_no_record
CB NE,CB,2024-11,absent,0,inferred_no_record
CB NE,CB,2024-12,absent,0,inferred_no_record
CB NE,CB,2025-01,absent,0,inferred_no_record
CB NE,CB,2025-02,absent,0,inferred_no_record
CB NE,CB,2025-03,absent,0,inferred_no_record
CB NE,CB,2025-04,absent,0,inferred_no_record
CB NE,CB,2025-05,absent,0,inferred_no_record
CB NE,CB,2025-06,absent,0,inferred_no_record
CB NE,CB,2025-07,absent,0,inferred_no_record
CB NE,CB,2025-08,absent,0,inferred_no_record
CB NE,CB,2025-09,absent,0,inferred_no_record
CB NE,CB,2025-10,absent,0,inferred_no_record
CB NE,CB,2025-11,absent,0,inferred_no_record
CB NE,CB,2025-12,absent,0,inferred_no_record
CB NW REC,CB,2005-01,absent,0,inferred_no_record
CB NW REC,CB,2005-02,absent,0,inferred_no_record
CB NW REC,CB,2005-03,absent,0,inferred_no_record
CB NW REC,CB,2005-04,absent,0,inferred_no_record
CB NW REC,CB,2005-05,absent,0,inferred_no_record
CB NW REC,CB,2005-06,absent,0,inferred_no_record
CB NW REC,CB,2005-07,absent,0,inferred_no_record
CB NW REC,CB,2005-08,absent,0,inferred_no_record
CB NW REC,CB,2005-09,absent,0,inferred_no_record
CB NW REC,CB,2005-10,absent,0,inferred_no_record
CB NW REC,CB,2005-11,absent,0,inferred_no_record
CB NW REC,CB,2005-12,absent,0,inferred_no_record
CB NW REC,CB,2006-01,absent,0,inferred_no_record
CB NW REC,CB,2006-02,absent,0,inferred_no_record
CB NW REC,CB,2006-03,absent,0,inferred_no_record
CB NW REC,CB,2006-04,absent,0,inferred_no_record
CB NW REC,CB,2006-05,absent,0,inferred_no_record
CB NW REC,CB,2006-06,absent,0,inferred_no_record
CB NW REC,CB,2006-07,absent,0,inferred_no_record
CB NW REC,CB,2006-08,absent,0,inferred_no_record
CB NW REC,CB,2006-09,absent,0,inferred_no_record
CB NW REC,CB,2006-10,active,1,record
CB NW REC,CB,2006-11,silent,0,record
CB NW REC,CB,2006-12,silent,0,record
CB NW REC,CB,2007-01,active,1,record
CB NW REC,CB,2007-02,active,1,record
CB NW REC,CB,2007-03,active,1,record
CB NW REC,CB,2007-04,silent,0,record
CB NW REC,CB,2007-05,silent,0,record
CB NW REC,CB,2007-06,silent,0,record
CB NW REC,CB,2007-07,silent,0,record
CB NW REC,CB,2007-08,silent,0,record
CB NW REC,CB,2007-09,silent,0,record
CB NW REC,CB,2007-10,silent,0,record
CB NW REC,CB,2007-11,silent,0,record
CB NW REC,CB,2007-12,silent,0,record
CB NW REC,CB,2008-01,active,1,record
CB NW REC,CB,2008-02,active,1,record
CB NW REC,CB,2008-03,active,1,record
CB NW REC,CB,2008-04,silent,0,record
CB NW REC,CB,2008-05,silent,0,record
CB NW REC,CB,2008-06,silent,0,record
CB NW REC,CB,2008-07,silent,0,record
CB NW REC,CB,2008-08,silent,0,record
CB NW REC,CB,2008-09,silent,0,record
CB NW REC,CB,2008-10,silent,0,record
CB NW REC,CB,2008-11,silent,0,record
CB NW REC,CB,2008-12,silent,0,record
CB NW REC,CB,2009-01,active,1,record
CB NW REC,CB,2009-02,active,1,record
CB NW REC,CB,2009-03,silent,0,record
CB NW REC,CB,2009-04,silent,0,record
CB NW REC,CB,2009-05,silent,0,record
CB NW REC,CB,2009-06,silent,0,record
CB NW REC,CB,2009-07,silent,0,record
CB NW REC,CB,2009-08,silent,0,record
CB NW REC,CB,2009-09,silent,0,record
CB NW REC,CB,2009-10,silent,0,record
CB NW REC,CB,2009-11,silent,0,record
CB NW REC,CB,2009-12,silent,0,record
CB NW REC,CB,2010-01,silent,0,record
CB NW REC,CB,2010-02,silent,0,record
CB NW REC,CB,2010-03,silent,0,record
CB NW REC,CB,2010-04,silent,0,record
CB NW REC,CB,2010-05,silent,0,record
CB NW REC,CB,2010-06,silent,0,record
CB NW REC,CB,2010-07,silent,0,record
CB NW REC,CB,2010-08,silent,0,record
CB NW REC,CB,2010-09,silent,0,record
CB NW REC,CB,2010-10,silent,0,record
CB NW REC,CB,2010-11,silent,0,record
CB NW REC,CB,2010-12,silent,0,record
CB NW REC,CB,2011-01,silent,0,record
CB NW REC,CB,2011-02,silent,0,record
CB NW REC,CB,2011-03,silent,0,record
CB NW REC,CB,2011-04,silent,0,record
CB NW REC,CB,2011-05,silent,0,record
CB NW REC,CB,2011-06,silent,0,record
CB NW REC,CB,2011-07,silent,0,record
CB NW REC,CB,2011-08,silent,0,record
CB NW REC,CB,2011-09,silent,0,record
CB NW REC,CB,2011-10,silent,0,record
CB NW REC,CB,2011-11,silent,0,record
CB NW REC,CB,2011-12,silent,0,record
CB NW REC,CB,2012-01,silent,0,record
CB NW REC,CB,2012-02,silent,0,record
CB NW REC,CB,2012-03,silent,0,record
CB NW REC,CB,2012-04,silent,0,record
CB NW REC,CB,2012-05,silent,0,record
CB NW REC,CB,2012-06,silent,0,record
CB NW REC,CB,2012-07,silent,0,record
CB NW REC,CB,2012-08,silent,0,record
CB NW REC,CB,2012-09,silent,0,record
CB NW REC,CB,2012-10,silent,0,record
CB NW REC,CB,2012-11,silent,0,record
CB NW REC,CB,2012-12,unknown,0,none
CB NW REC,CB,2013-01,silent,0,download_header
CB NW REC,CB,2013-02,silent,0,download_header
CB NW REC,CB,2013-03,silent,0,download_header
CB NW REC,CB,2013-04,silent,0,download_header
CB NW REC,CB,2013-05,silent,0,download_header
CB NW REC,CB,2013-06,silent,0,download_header
CB NW REC,CB,2013-07,silent,0,download_header
CB NW REC,CB,2013-08,silent,0,download_header
CB NW REC,CB,2013-09,silent,0,download_header
CB NW REC,CB,2013-10,silent,0,download_header
CB NW REC,CB,2013-11,silent,0,download_header
CB NW REC,CB,2013-12,silent,0,download_header
CB NW REC,CB,2014-01,silent,0,download_header
CB NW REC,CB,2014-02,silent,0,download_header
CB NW REC,CB,2014-03,silent,0,download_header
CB NW REC,CB,2014-04,silent,0,download_header
CB NW REC,CB,2014-05,silent,0,download_header
CB NW REC,CB,2014-06,silent,0,download_header
CB NW REC,CB,2014-07,active,1,record
CB NW REC,CB,2014-08,silent,0,record
CB NW REC,CB,2014-09,silent,0,record
CB NW REC,CB,2014-10,silent,0,record
CB NW REC,CB,2014-11,unknown,0,none
CB NW REC,CB,2014-12,unknown,0,none
CB NW REC,CB,2015-01,unknown,0,none
CB NW REC,CB,2015-02,unknown,0,none
CB NW REC,CB,2015-03,unknown,0,none
CB NW REC,CB,2015-04,unknown,0,none
CB NW REC,CB,2015-05,unknown,0,none
CB NW REC,CB,2015-06,unknown,0,none
CB NW REC,CB,2015-07,unknown,0,none
CB NW REC,CB,2015-08,unknown,0,none
CB NW REC,CB,2015-09,silent,0,download_header
CB NW REC,CB,2015-10,silent,0,download_header
CB NW REC,CB,2015-11,silent,0,download_header
CB NW REC,CB,2015-12,silent,0,download_header
CB NW REC,CB,2016-01,silent,0,download_header
CB NW REC,CB,2016-02,silent,0,download_header
CB NW REC,CB,2016-03,silent,0,download_header
CB NW REC,CB,2016-04,silent,0,download_header
CB NW REC,CB,2016-05,silent,0,download_header
CB NW REC,CB,2016-06,silent,0,download_header
CB NW REC,CB,2016-07,silent,0,download_header
CB NW REC,CB,2016-08,silent,0,download_header
CB NW REC,CB,2016-09,silent,0,download_header
CB NW REC,CB,2016-10,silent,0,download_header
CB NW REC,CB,2016-11,absent,0,record
CB NW REC,CB,2016-12,absent,0,record
CB NW REC,CB,2017-01,absent,0,record
CB NW REC,CB,2017-02,absent,0,record
CB NW REC,CB,2017-03,absent,0,record
CB NW REC,CB,2017-04,absent,0,record
CB NW REC,CB,2017-05,absent,0,record
CB NW REC,CB,2017-06,absent,0,record
CB NW REC,CB,2017-07,absent,0,record
CB NW REC,CB,2017-08,absent,0,record
CB NW REC,CB,2017-09,absent,0,record
CB NW REC,CB,2017-10,absent,0,record
CB NW REC,CB,2017-11,absent,0,record
CB NW REC,CB,2017-12,absent,0,record
CB NW REC,CB,2018-01,absent,0,record
CB NW REC,CB,2018-02,absent,0,record
CB NW REC,CB,2018-03,absent,0,record
CB NW REC,CB,2018-04,absent,0,record
CB NW REC,CB,2018-05,absent,0,record
CB NW REC,CB,2018-06,absent,0,record
CB NW REC,CB,2018-07,absent,0,record
CB NW REC,CB,2018-08,absent,0,record
CB NW REC,CB,2018-09,absent,0,record
CB NW REC,CB,2018-10,absent,0,record
CB NW REC,CB,2018-11,silent,0,record
CB NW REC,CB,2018-12,silent,0,record
CB NW REC,CB,2019-01,silent,0,record
CB NW REC,CB,2019-02,silent,0,record
CB NW REC,CB,2019-03,silent,0,record
CB NW REC,CB,2019-04,silent,0,record
CB NW REC,CB,2019-05,silent,0,record
CB NW REC,CB,2019-06,active,1,record
CB NW REC,CB,2019-07,silent,0,record
CB NW REC,CB,2019-08,silent,0,record
CB NW REC,CB,2019-09,silent,0,record
CB NW REC,CB,2019-10,active,1,record
CB NW REC,CB,2019-11,silent,0,record
CB NW REC,CB,2019-12,silent,0,record
CB NW REC,CB,2020-01,silent,0,record
CB NW REC,CB,2020-02,silent,0,record
CB NW REC,CB,2020-03,silent,0,record
CB NW REC,CB,2020-04,silent,0,record
CB NW REC,CB,2020-05,silent,0,record
CB NW REC,CB,2020-06,silent,0,record
CB NW REC,CB,2020-07,silent,0,record
CB NW REC,CB,2020-08,silent,0,record
CB NW REC,CB,2020-09,silent,0,record
CB NW REC,CB,2020-10,active,1,record
CB NW REC,CB,2020-11,silent,0,record
CB NW REC,CB,2020-12,silent,0,record
CB NW REC,CB,2021-01,silent,0,record
CB NW REC,CB,2021-02,silent,0,record
CB NW REC,CB,2021-03,silent,0,record
CB NW REC,CB,2021-04,silent,0,record
CB NW REC,CB,2021-05,silent,0,record
CB NW REC,CB,2021-06,silent,0,record
CB NW REC,CB,2021-07,silent,0,record
CB NW REC,CB,2021-08,silent,0,record
CB NW REC,CB,2021-09,silent,0,record
CB NW REC,CB,2021-10,active,1,record
CB NW REC,CB,2021-11,active,1,record
CB NW REC,CB,2021-12,silent,0,record
CB NW REC,CB,2022-01,silent,0,record
CB NW REC,CB,2022-02,silent,0,record
CB NW REC,CB,2022-03,silent,0,record
CB NW REC,CB,2022-04,silent,0,record
CB NW REC,CB,2022-05,silent,0,record
CB NW REC,CB,2022-06,active,1,record
CB NW REC,CB,2022-07,silent,0,record
CB NW REC,CB,2022-08,silent,0,record
CB NW REC,CB,2022-09,silent,0,record
CB NW REC,CB,2022-10,silent,0,record
CB NW REC,CB,2022-11,silent,0,record
CB NW REC,CB,2022-12,silent,0,download_header
CB NW REC,CB,2023-01,silent,0,download_header
CB NW REC,CB,2023-02,silent,0,download_header
CB NW REC,CB,2023-03,silent,0,download_header
CB NW REC,CB,2023-04,silent,0,download_header
CB NW REC,CB,2023-05,silent,0,download_header
CB NW REC,CB,2023-06,silent,0,download_header
CB NW REC,CB,2023-07,silent,0,download_header
CB NW REC,CB,2023-08,silent,0,download_header
CB NW REC,CB,2023-09,silent,0,download_header
CB NW REC,CB,2023-10,silent,0,download_header
CB NW REC,CB,2023-11,silent,0,download_header
CB NW REC,CB,2023-12,silent,0,download_header
CB NW REC,CB,2024-01,silent,0,download_header
CB NW REC,CB,2024-02,silent,0,download_header
CB NW REC,CB,2024-03,silent,0,download_header
CB NW REC,CB,2024-04,silent,0,download_header
CB NW REC,CB,2024-05,silent,0,download_header
CB NW REC,CB,2024-06,silent,0,download_header
CB NW REC,CB,2024-07,silent,0,download_header
CB NW REC,CB,2024-08,silent,0,download_header
CB NW REC,CB,2024-09,silent,0,download_header
CB NW REC,CB,2024-10,silent,0,download_header
CB NW REC,CB,2024-11,silent,0,download_header
CB NW REC,CB,2024-12,silent,0,download_header
CB NW REC,CB,2025-01,silent,0,download_header
CB NW REC,CB,2025-02,absent,0,inferred_no_record
CB NW REC,CB,2025-03,absent,0,inferred_no_record
CB NW REC,CB,2025-04,absent,0,inferred_no_record
CB NW REC,CB,2025-05,absent,0,inferred_no_record
CB NW REC,CB,2025-06,absent,0,inferred_no_record
CB NW REC,CB,2025-07,absent,0,inferred_no_record
CB NW REC,CB,2025-08,absent,0,inferred_no_record
CB NW REC,CB,2025-09,absent,0,inferred_no_record
CB NW REC,CB,2025-10,absent,0,inferred_no_record
CB NW REC,CB,2025-11,absent,0,inferred_no_record
CB NW REC,CB,2025-12,absent,0,inferred_no_record
CB SE REC,CB,2005-01,absent,0,inferred_no_record
CB SE REC,CB,2005-02,absent,0,inferred_no_record
CB SE REC,CB,2005-03,absent,0,inferred_no_record
CB SE REC,CB,2005-04,absent,0,inferred_no_record
CB SE REC,CB,2005-05,absent,0,inferred_no_record
CB SE REC,CB,2005-06,absent,0,inferred_no_record
CB SE REC,CB,2005-07,absent,0,inferred_no_record
CB SE REC,CB,2005-08,absent,0,inferred_no_record
CB SE REC,CB,2005-09,absent,0,inferred_no_record
CB SE REC,CB,2005-10,absent,0,inferred_no_record
CB SE REC,CB,2005-11,absent,0,inferred_no_record
CB SE REC,CB,2005-12,absent,0,inferred_no_record
CB SE REC,CB,2006-01,absent,0,inferred_no_record
CB SE REC,CB,2006-02,absent,0,inferred_no_record
CB SE REC,CB,2006-03,absent,0,inferred_no_record
CB SE REC,CB,2006-04,absent,0,inferred_no_record
CB SE REC,CB,2006-05,absent,0,inferred_no_record
CB SE REC,CB,2006-06,absent,0,inferred_no_record
CB SE REC,CB,2006-07,absent,0,inferred_no_record
CB SE REC,CB,2006-08,absent,0,inferred_no_record
CB SE REC,CB,2006-09,absent,0,inferred_no_record
CB SE REC,CB,2006-10,active,1,record
CB SE REC,CB,2006-11,silent,0,record
CB SE REC,CB,2006-12,silent,0,record
CB SE REC,CB,2007-01,active,1,record
CB SE REC,CB,2007-02,active,1,record
CB SE REC,CB,2007-03,active,1,record
CB SE REC,CB,2007-04,silent,0,record
CB SE REC,CB,2007-05,silent,0,record
CB SE REC,CB,2007-06,silent,0,record
CB SE REC,CB,2007-07,silent,0,record
CB SE REC,CB,2007-08,silent,0,record
CB SE REC,CB,2007-09,silent,0,record
CB SE REC,CB,2007-10,silent,0,record
CB SE REC,CB,2007-11,silent,0,record
CB SE REC,CB,2007-12,silent,0,record
CB SE REC,CB,2008-01,silent,0,record
CB SE REC,CB,2008-02,active,1,record
CB SE REC,CB,2008-03,silent,0,record
CB SE REC,CB,2008-04,silent,0,record
CB SE REC,CB,2008-05,silent,0,record
CB SE REC,CB,2008-06,silent,0,record
CB SE REC,CB,2008-07,silent,0,record
CB SE REC,CB,2008-08,silent,0,record
CB SE REC,CB,2008-09,silent,0,record
CB SE REC,CB,2008-10,silent,0,record
CB SE REC,CB,2008-11,silent,0,record
CB SE REC,CB,2008-12,silent,0,record
CB SE REC,CB,2009-01,active,1,record
CB SE REC,CB,2009-02,active,1,record
CB SE REC,CB,2009-03,silent,0,record
CB SE REC,CB,2009-04,silent,0,record
CB SE REC,CB,2009-05,silent,0,record
CB SE REC,CB,2009-06,silent,0,record
CB SE REC,CB,2009-07,silent,0,record
CB SE REC,CB,2009-08,silent,0,record
CB SE REC,CB,2009-09,silent,0,record
CB SE REC,CB,2009-10,silent,0,record
CB SE REC,CB,2009-11,silent,0,record
CB SE REC,CB,2009-12,silent,0,record
CB SE REC,CB,2010-01,silent,0,record
CB SE REC,CB,2010-02,silent,0,record
CB SE REC,CB,2010-03,silent,0,record
CB SE REC,CB,2010-04,silent,0,record
CB SE REC,CB,2010-05,silent,0,record
CB SE REC,CB,2010-06,silent,0,record
CB SE REC,CB,2010-07,silent,0,record
CB SE REC,CB,2010-08,silent,0,record
CB SE REC,CB,2010-09,silent,0,record
CB SE REC,CB,2010-10,silent,0,record
CB SE REC,CB,2010-11,silent,0,record
CB SE REC,CB,2010-12,silent,0,record
CB SE REC,CB,2011-01,silent,0,record
CB SE REC,CB,2011-02,silent,0,record
CB SE REC,CB,2011-03,silent,0,record
CB SE REC,CB,2011-04,silent,0,record
CB SE REC,CB,2011-05,silent,0,record
CB SE REC,CB,2011-06,silent,0,record
CB SE REC,CB,2011-07,silent,0,record
CB SE REC,CB,2011-08,silent,0,record
CB SE REC,CB,2011-09,silent,0,record
CB SE REC,CB,2011-10,silent,0,record
CB SE REC,CB,2011-11,silent,0,record
CB SE REC,CB,2011-12,silent,0,record
CB SE REC,CB,2012-01,silent,0,record
CB SE REC,CB,2012-02,silent,0,record
CB SE REC,CB,2012-03,silent,0,record
CB SE REC,CB,2012-04,silent,0,record
CB SE REC,CB,2012-05,silent,0,record
CB SE REC,CB,2012-06,silent,0,record
CB SE REC,CB,2012-07,silent,0,record
CB SE REC,CB,2012-08,silent,0,record
CB SE REC,CB,2012-09,silent,0,record
CB SE REC,CB,2012-10,silent,0,record
CB SE REC,CB,2012-11,unknown,0,none
CB SE REC,CB,2012-12,unknown,0,none
CB SE REC,CB,2013-01,active,1,record
CB SE REC,CB,2013-02,active,1,record
CB SE REC,CB,2013-03,active,1,record
CB SE REC,CB,2013-04,active,1,record
CB SE REC,CB,2013-05,active,1,record
CB SE REC,CB,2013-06,active,1,record
CB SE REC,CB,2013-07,active,1,record
CB SE REC,CB,2013-08,active,1,record
CB SE REC,CB,2013-09,active,1,record
CB SE REC,CB,2013-10,active,1,record
CB SE REC,CB,2013-11,active,1,record
CB SE REC,CB,2013-12,active,1,record
CB SE REC,CB,2014-01,active,1,record
CB SE REC,CB,2014-02,active,1,record
CB SE REC,CB,2014-03,active,1,record
CB SE REC,CB,2014-04,active,1,record
CB SE REC,CB,2014-05,active,1,record
CB SE REC,CB,2014-06,active,1,record
CB SE REC,CB,2014-07,active,1,record
CB SE REC,CB,2014-08,active,1,record
CB SE REC,CB,2014-09,active,1,record
CB SE REC,CB,2014-10,silent,0,record
CB SE REC,CB,2014-11,unknown,0,none
CB SE REC,CB,2014-12,unknown,0,none
CB SE REC,CB,2015-01,unknown,0,none
CB SE REC,CB,2015-02,unknown,0,none
CB SE REC,CB,2015-03,unknown,0,none
CB SE REC,CB,2015-04,unknown,0,none
CB SE REC,CB,2015-05,unknown,0,none
CB SE REC,CB,2015-06,unknown,0,none
CB SE REC,CB,2015-07,unknown,0,none
CB SE REC,CB,2015-08,unknown,0,none
CB SE REC,CB,2015-09,unknown,0,none
CB SE REC,CB,2015-10,unknown,0,none
CB SE REC,CB,2015-11,unknown,0,none
CB SE REC,CB,2015-12,unknown,0,none
CB SE REC,CB,2016-01,unknown,0,none
CB SE REC,CB,2016-02,unknown,0,none
CB SE REC,CB,2016-03,unknown,0,none
CB SE REC,CB,2016-04,unknown,0,none
CB SE REC,CB,2016-05,unknown,0,none
CB SE REC,CB,2016-06,unknown,0,none
CB SE REC,CB,2016-07,unknown,0,none
CB SE REC,CB,2016-08,unknown,0,none
CB SE REC,CB,2016-09,unknown,0,none
CB SE REC,CB,2016-10,unknown,0,none
CB SE REC,CB,2016-11,absent,0,record
CB SE REC,CB,2016-12,absent,0,record
CB SE REC,CB,2017-01,absent,0,record
CB SE REC,CB,2017-02,absent,0,record
CB SE REC,CB,2017-03,active,1,record
CB SE REC,CB,2017-04,silent,0,record
CB SE REC,CB,2017-05,silent,0,record
CB SE REC,CB,2017-06,silent,0,record
CB SE REC,CB,2017-07,active,1,record
CB SE REC,CB,2017-08,silent,0,record
CB SE REC,CB,2017-09,silent,0,record
CB SE REC,CB,2017-10,silent,0,record
CB SE REC,CB,2017-11,silent,0,record
CB SE REC,CB,2017-12,silent,0,record
CB SE REC,CB,2018-01,active,1,record
CB SE REC,CB,2018-02,silent,0,record
CB SE REC,CB,2018-03,silent,0,record
CB SE REC,CB,2018-04,silent,0,record
CB SE REC,CB,2018-05,silent,0,record
CB SE REC,CB,2018-06,silent,0,record
CB SE REC,CB,2018-07,silent,0,record
CB SE REC,CB,2018-08,silent,0,record
CB SE REC,CB,2018-09,silent,0,record
CB SE REC,CB,2018-10,active,1,record
CB SE REC,CB,2018-11,silent,0,record
CB SE REC,CB,2018-12,silent,0,record
CB SE REC,CB,2019-01,silent,0,record
CB SE REC,CB,2019-02,silent,0,record
CB SE REC,CB,2019-03,silent,0,record
CB SE REC,CB,2019-04,silent,0,record
CB SE REC,CB,2019-05,silent,0,record
CB SE REC,CB,2019-06,active,1,record
CB SE REC,CB,2019-07,silent,0,record
CB SE REC,CB,2019-08,silent,0,record
CB SE REC,CB,2019-09,silent,0,record
CB SE REC,CB,2019-10,active,1,record
CB SE REC,CB,2019-11,silent,0,record
CB SE REC,CB,2019-12,silent,0,record
CB SE REC,CB,2020-01,silent,0,record
CB SE REC,CB,2020-02,silent,0,record
CB SE REC,CB,2020-03,silent,0,record
CB SE REC,CB,2020-04,silent,0,record
CB SE REC,CB,2020-05,silent,0,record
CB SE REC,CB,2020-06,silent,0,record
CB SE REC,CB,2020-07,silent,0,record
CB SE REC,CB,2020-08,silent,0,record
CB SE REC,CB,2020-09,silent,0,record
CB SE REC,CB,2020-10,active,1,record
CB SE REC,CB,2020-11,silent,0,record
CB SE REC,CB,2020-12,silent,0,record
CB SE REC,CB,2021-01,silent,0,record
CB SE REC,CB,2021-02,silent,0,record
CB SE REC,CB,2021-03,silent,0,record
CB SE REC,CB,2021-04,silent,0,record
CB SE REC,CB,2021-05,silent,0,record
CB SE REC,CB,2021-06,silent,0,record
CB SE REC,CB,2021-07,silent,0,record
CB SE REC,CB,2021-08,silent,0,record
CB SE REC,CB,2021-09,silent,0,record
CB SE REC,CB,2021-10,active,1,record
CB SE REC,CB,2021-11,silent,0,record
CB SE REC,CB,2021-12,silent,0,record
CB SE REC,CB,2022-01,silent,0,record
CB SE REC,CB,2022-02,silent,0,record
CB SE REC,CB,2022-03,silent,0,record
CB SE REC,CB,2022-04,silent,0,record
CB SE REC,CB,2022-05,silent,0,record
CB SE REC,CB,2022-06,silent,0,record
CB SE REC,CB,2022-07,silent,0,record
CB SE REC,CB,2022-08,silent,0,record
CB SE REC,CB,2022-09,silent,0,record
CB SE REC,CB,2022-10,active,1,record
CB SE REC,CB,2022-11,silent,0,record
CB SE REC,CB,2022-12,silent,0,record
CB SE REC,CB,2023-01,silent,0,record
CB SE REC,CB,2023-02,silent,0,record
CB SE REC,CB,2023-03,silent,0,record
CB SE REC,CB,2023-04,silent,0,record
CB SE REC,CB,2023-05,silent,0,record
CB SE REC,CB,2023-06,silent,0,record
CB SE REC,CB,2023-07,silent,0,record
CB SE REC,CB,2023-08,silent,0,record
CB SE REC,CB,2023-09,silent,0,record
CB SE REC,CB,2023-10,silent,0,record
CB SE REC,CB,2023-11,silent,0,record
CB SE REC,CB,2023-12,silent,0,record
CB SE REC,CB,2024-01,silent,0,record
CB SE REC,CB,2024-02,silent,0,record
CB SE REC,CB,2024-03,silent,0,record
CB SE REC,CB,2024-04,silent,0,record
CB SE REC,CB,2024-05,silent,0,record
CB SE REC,CB,2024-06,silent,0,record
CB SE REC,CB,2024-07,silent,0,record
CB SE REC,CB,2024-08,silent,0,record
CB SE REC,CB,2024-09,silent,0,record
CB SE REC,CB,2024-10,silent,0,record
CB SE REC,CB,2024-11,silent,0,record
CB SE REC,CB,2024-12,silent,0,record
CB SE REC,CB,2025-01,silent,0,record
CB SE REC,CB,2025-02,silent,0,record
CB SE REC,CB,2025-03,silent,0,record
CB SE REC,CB,2025-04,silent,0,record
CB SE REC,CB,2025-05,silent,0,record
CB SE REC,CB,2025-06,silent,0,record
CB SE REC,CB,2025-07,silent,0,record
CB SE REC,CB,2025-08,silent,0,record
CB SE REC,CB,2025-09,silent,0,record
CB SE REC,CB,2025-10,silent,0,record
CB SE REC,CB,2025-11,absent,0,inferred_no_record
CB SE REC,CB,2025-12,absent,0,inferred_no_record
CB SW REC,CB,2005-01,absent,0,inferred_no_record
CB SW REC,CB,2005-02,absent,0,inferred_no_record
CB SW REC,CB,2005-03,absent,0,inferred_no_record
CB SW REC,CB,2005-04,absent,0,inferred_no_record
CB SW REC,CB,2005-05,absent,0,inferred_no_record
CB SW REC,CB,2005-06,absent,0,inferred_no_record
CB SW REC,CB,2005-07,absent,0,inferred_no_record
CB SW REC,CB,2005-08,absent,0,inferred_no_record
CB SW REC,CB,2005-09,absent,0,inferred_no_record
CB SW REC,CB,2005-10,absent,0,inferred_no_record
CB SW REC,CB,2005-11,absent,0,inferred_no_record
CB SW REC,CB,2005-12,absent,0,inferred_no_record
CB SW REC,CB,2006-01,absent,0,inferred_no_record
CB SW REC,CB,2006-02,absent,0,inferred_no_record
CB SW REC,CB,2006-03,absent,0,inferred_no_record
CB SW REC,CB,2006-04,absent,0,inferred_no_record
CB SW REC,CB,2006-05,absent,0,inferred_no_record
CB SW REC,CB,2006-06,absent,0,inferred_no_record
CB SW REC,CB,2006-07,absent,0,inferred_no_record
CB SW REC,CB,2006-08,absent,0,inferred_no_record
CB SW REC,CB,2006-09,absent,0,inferred_no_record
CB SW REC,CB,2006-10,absent,0,inferred_no_record
CB SW REC,CB,2006-11,absent,0,inferred_no_record
CB SW REC,CB,2006-12,absent,0,inferred_no_record
CB SW REC,CB,2007-01,active,1,record
CB SW REC,CB,2007-02,active,1,record
CB SW REC,CB,2007-03,active,1,record
CB SW REC,CB,2007-04,silent,0,record
CB SW REC,CB,2007-05,silent,0,record
CB SW REC,CB,2007-06,silent,0,record
CB SW REC,CB,2007-07,silent,0,record
CB SW REC,CB,2007-08,silent,0,record
CB SW REC,CB,2007-09,silent,0,record
CB SW REC,CB,2007-10,silent,0,record
CB SW REC,CB,2007-11,silent,0,record
CB SW REC,CB,2007-12,silent,0,record
CB SW REC,CB,2008-01,active,1,record
CB SW REC,CB,2008-02,active,1,record
CB SW REC,CB,2008-03,active,1,record
CB SW REC,CB,2008-04,active,1,record
CB SW REC,CB,2008-05,active,1,record
CB SW REC,CB,2008-06,silent,0,record
CB SW REC,CB,2008-07,silent,0,record
CB SW REC,CB,2008-08,silent,0,record
CB SW REC,CB,2008-09,silent,0,record
CB SW REC,CB,2008-10,silent,0,record
CB SW REC,CB,2008-11,silent,0,record
CB SW REC,CB,2008-12,silent,0,record
CB SW REC,CB,2009-01,active,1,record
CB SW REC,CB,2009-02,active,1,record
CB SW REC,CB,2009-03,active,1,record
CB SW REC,CB,2009-04,silent,0,record
CB SW REC,CB,2009-05,silent,0,record
CB SW REC,CB,2009-06,silent,0,record
CB SW REC,CB,2009-07,silent,0,record
CB SW REC,CB,2009-08,silent,0,record
CB SW REC,CB,2009-09,silent,0,record
CB SW REC,CB,2009-10,silent,0,record
CB SW REC,CB,2009-11,silent,0,record
CB SW REC,CB,2009-12,silent,0,record
CB SW REC,CB,2010-01,active,1,record
CB SW REC,CB,2010-02,active,1,record
CB SW REC,CB,2010-03,silent,0,record
CB SW REC,CB,2010-04,silent,0,record
CB SW REC,CB,2010-05,silent,0,record
CB SW REC,CB,2010-06,silent,0,record
CB SW REC,CB,2010-07,silent,0,record
CB SW REC,CB,2010-08,silent,0,record
CB SW REC,CB,2010-09,silent,0,record
CB SW REC,CB,2010-10,silent,0,record
CB SW REC,CB,2010-11,silent,0,record
CB SW REC,CB,2010-12,silent,0,record
CB SW REC,CB,2011-01,silent,0,record
CB SW REC,CB,2011-02,silent,0,record
CB SW REC,CB,2011-03,silent,0,record
CB SW REC,CB,2011-04,silent,0,record
CB SW REC,CB,2011-05,silent,0,record
CB SW REC,CB,2011-06,active,1,record
CB SW REC,CB,2011-07,active,1,record
CB SW REC,CB,2011-08,active,1,record
CB SW REC,CB,2011-09,active,1,record
CB SW REC,CB,2011-10,silent,0,record
CB SW REC,CB,2011-11,silent,0,record
CB SW REC,CB,2011-12,silent,0,record
CB SW REC,CB,2012-01,silent,0,record
CB SW REC,CB,2012-02,silent,0,record
CB SW REC,CB,2012-03,silent,0,record
CB SW REC,CB,2012-04,silent,0,record
CB SW REC,CB,2012-05,silent,0,record
CB SW REC,CB,2012-06,active,1,record
CB SW REC,CB,2012-07,active,1,record
CB SW REC,CB,2012-08,active,1,record
CB SW REC,CB,2012-09,silent,0,record
CB SW REC,CB,2012-10,silent,0,record
CB SW REC,CB,2012-11,silent,0,record
CB SW REC,CB,2012-12,silent,0,record
CB SW REC,CB,2013-01,silent,0,record
CB SW REC,CB,2013-02,silent,0,record
CB SW REC,CB,2013-03,silent,0,record
CB SW REC,CB,2013-04,silent,0,record
CB SW REC,CB,2013-05,silent,0,record
CB SW REC,CB,2013-06,silent,0,record
CB SW REC,CB,2013-07,active,1,record
CB SW REC,CB,2013-08,active,1,record
CB SW REC,CB,2013-09,silent,0,record
CB SW REC,CB,2013-10,silent,0,record
CB SW REC,CB,2013-11,silent,0,record
CB SW REC,CB,2013-12,silent,0,record
CB SW REC,CB,2014-01,silent,0,record
CB SW REC,CB,2014-02,silent,0,record
CB SW REC,CB,2014-03,silent,0,record
CB SW REC,CB,2014-04,silent,0,record
CB SW REC,CB,2014-05,silent,0,record
CB SW REC,CB,2014-06,silent,0,record
CB SW REC,CB,2014-07,silent,0,record
CB SW REC,CB,2014-08,silent,0,record
CB SW REC,CB,2014-09,silent,0,record
CB SW REC,CB,2014-10,silent,0,record
CB SW REC,CB,2014-11,unknown,0,none
CB SW REC,CB,2014-12,unknown,0,none
CB SW REC,CB,2015-01,unknown,0,none
CB SW REC,CB,2015-02,unknown,0,none
CB SW REC,CB,2015-03,unknown,0,none
CB SW REC,CB,2015-04,unknown,0,none
CB SW REC,CB,2015-05,unknown,0,none
CB SW REC,CB,2015-06,unknown,0,none
CB SW REC,CB,2015-07,unknown,0,none
CB SW REC,CB,2015-08,unknown,0,none
CB SW REC,CB,2015-09,silent,0,download_header
CB SW REC,CB,2015-10,silent,0,download_header
CB SW REC,CB,2015-11,silent,0,download_header
CB SW REC,CB,2015-12,silent,0,download_header
CB SW REC,CB,2016-01,silent,0,download_header
CB SW REC,CB,2016-02,silent,0,download_header
CB SW REC,CB,2016-03,silent,0,download_header
CB SW REC,CB,2016-04,silent,0,download_header
CB SW REC,CB,2016-05,silent,0,download_header
CB SW REC,CB,2016-06,silent,0,download_header
CB SW REC,CB,2016-07,silent,0,download_header
CB SW REC,CB,2016-08,silent,0,download_header
CB SW REC,CB,2016-09,silent,0,download_header
CB SW REC,CB,2016-10,silent,0,record
CB SW REC,CB,2016-11,silent,0,record
CB SW REC,CB,2016-12,active,1,record
CB SW REC,CB,2017-01,silent,0,record
CB SW REC,CB,2017-02,silent,0,record
CB SW REC,CB,2017-03,active,1,record
CB SW REC,CB,2017-04,silent,0,record
CB SW REC,CB,2017-05,silent,0,record
CB SW REC,CB,2017-06,silent,0,record
CB SW REC,CB,2017-07,silent,0,record
CB SW REC,CB,2017-08,silent,0,record
CB SW REC,CB,2017-09,silent,0,record
CB SW REC,CB,2017-10,silent,0,record
CB SW REC,CB,2017-11,silent,0,record
CB SW REC,CB,2017-12,silent,0,record
CB SW REC,CB,2018-01,absent,0,record
CB SW REC,CB,2018-02,absent,0,record
CB SW REC,CB,2018-03,absent,0,record
CB SW REC,CB,2018-04,absent,0,record
CB SW REC,CB,2018-05,absent,0,record
CB SW REC,CB,2018-06,absent,0,record
CB SW REC,CB,2018-07,absent,0,record
CB SW REC,CB,2018-08,absent,0,record
CB SW REC,CB,2018-09,absent,0,record
CB SW REC,CB,2018-10,absent,1,record
CB SW REC,CB,2018-11,silent,0,record
CB SW REC,CB,2018-12,silent,0,record
CB SW REC,CB,2019-01,silent,0,record
CB SW REC,CB,2019-02,silent,0,record
CB SW REC,CB,2019-03,silent,0,record
CB SW REC,CB,2019-04,silent,0,record
CB SW REC,CB,2019-05,silent,0,record
CB SW REC,CB,2019-06,active,1,record
CB SW REC,CB,2019-07,silent,0,record
CB SW REC,CB,2019-08,silent,0,record
CB SW REC,CB,2019-09,silent,0,record
CB SW REC,CB,2019-10,active,1,record
CB SW REC,CB,2019-11,silent,0,record
CB SW REC,CB,2019-12,silent,0,record
CB SW REC,CB,2020-01,silent,0,record
CB SW REC,CB,2020-02,silent,0,record
CB SW REC,CB,2020-03,silent,0,record
CB SW REC,CB,2020-04,silent,0,record
CB SW REC,CB,2020-05,silent,0,record
CB SW REC,CB,2020-06,silent,0,record
CB SW REC,CB,2020-07,silent,0,record
CB SW REC,CB,2020-08,silent,0,record
CB SW REC,CB,2020-09,silent,0,record
CB SW REC,CB,2020-10,active,1,record
CB SW REC,CB,2020-11,silent,0,record
CB SW REC,CB,2020-12,silent,0,record
CB SW REC,CB,2021-01,silent,0,record
CB SW REC,CB,2021-02,silent,0,record
CB SW REC,CB,2021-03,silent,0,record
CB SW REC,CB,2021-04,silent,0,record
CB SW REC,CB,2021-05,silent,0,record
CB SW REC,CB,2021-06,silent,0,record
CB SW REC,CB,2021-07,silent,0,record
CB SW REC,CB,2021-08,silent,0,record
CB SW REC,CB,2021-09,silent,0,record
CB SW REC,CB,2021-10,active,1,record
CB SW REC,CB,2021-11,silent,0,record
CB SW REC,CB,2021-12,silent,0,record
CB SW REC,CB,2022-01,silent,0,record
CB SW REC,CB,2022-02,silent,0,record
CB SW REC,CB,2022-03,silent,0,record
CB SW REC,CB,2022-04,silent,0,record
CB SW REC,CB,2022-05,silent,0,record
CB SW REC,CB,2022-06,silent,0,record
CB SW REC,CB,2022-07,silent,0,record
CB SW REC,CB,2022-08,silent,0,record
CB SW REC,CB,2022-09,silent,0,record
CB SW REC,CB,2022-10,active,1,record
CB SW REC,CB,2022-11,silent,0,record
CB SW REC,CB,2022-12,silent,0,record
CB SW REC,CB,2023-01,silent,0,record
CB SW REC,CB,2023-02,silent,0,record
CB SW REC,CB,2023-03,silent,0,record
CB SW REC,CB,2023-04,silent,0,record
CB SW REC,CB,2023-05,silent,0,record
CB SW REC,CB,2023-06,silent,0,record
CB SW REC,CB,2023-07,silent,0,record
CB SW REC,CB,2023-08,silent,0,record
CB SW REC,CB,2023-09,silent,0,record
CB SW REC,CB,2023-10,silent,0,record
CB SW REC,CB,2023-11,silent,0,record
CB SW REC,CB,2023-12,silent,0,record
CB SW REC,CB,2024-01,silent,0,record
CB SW REC,CB,2024-02,silent,0,record
CB SW REC,CB,2024-03,active,1,record
CB SW REC,CB,2024-04,silent,0,record
CB SW REC,CB,2024-05,active,1,record
CB SW REC,CB,2024-06,silent,0,record
CB SW REC,CB,2024-07,active,1,record
CB SW REC,CB,2024-08,active,1,record
CB SW REC,CB,2024-09,silent,0,record
CB SW REC,CB,2024-10,silent,0,record
CB SW REC,CB,2024-11,active,1,record
CB SW REC,CB,2024-12,silent,0,record
CB SW REC,CB,2025-01,silent,0,record
CB SW REC,CB,2025-02,silent,0,record
CB SW REC,CB,2025-03,silent,0,record
CB SW REC,CB,2025-04,active,1,record
CB SW REC,CB,2025-05,silent,0,record
CB SW REC,CB,2025-06,silent,0,record
CB SW REC,CB,2025-07,silent,0,record
CB SW REC,CB,2025-08,silent,0,record
CB SW REC,CB,2025-09,active,1,record
CB SW REC,CB,2025-10,active,1,record
CB SW REC,CB,2025-11,absent,0,inferred_no_record
CB SW REC,CB,2025-12,absent,0,inferred_no_record
CB WE REC,CB,2005-01,absent,0,inferred_no_record
CB WE REC,CB,2005-02,absent,0,inferred_no_record
CB WE REC,CB,2005-03,absent,0,inferred_no_record
CB WE REC,CB,2005-04,absent,0,inferred_no_record
CB WE REC,CB,2005-05,absent,0,inferred_no_record
CB WE REC,CB,2005-06,absent,0,inferred_no_record
CB WE REC,CB,2005-07,absent,0,inferred_no_record
CB WE REC,CB,2005-08,absent,0,inferred_no_record
CB WE REC,CB,2005-09,absent,0,inferred_no_record
CB WE REC,CB,2005-10,absent,0,inferred_no_record
CB WE REC,CB,2005-11,absent,0,inferred_no_record
CB WE REC,CB,2005-12,absent,0,inferred_no_record
CB WE REC,CB,2006-01,absent,0,inferred_no_record
CB WE REC,CB,2006-02,absent,0,inferred_no_record
CB WE REC,CB,2006-03,absent,0,inferred_no_record
CB WE REC,CB,2006-04,absent,0,inferred_no_record
CB WE REC,CB,2006-05,absent,0,inferred_no_record
CB WE REC,CB,2006-06,absent,0,inferred_no_record
CB WE REC,CB,2006-07,absent,0,inferred_no_record
CB WE REC,CB,2006-08,absent,0,inferred_no_record
CB WE REC,CB,2006-09,absent,0,inferred_no_record
CB WE REC,CB,2006-10,active,1,record
CB WE REC,CB,2006-11,active,1,record
CB WE REC,CB,2006-12,active,1,record
CB WE REC,CB,2007-01,active,1,record
CB WE REC,CB,2007-02,active,1,record
CB WE REC,CB,2007-03,active,1,record
CB WE REC,CB,2007-04,active,1,record
CB WE REC,CB,2007-05,active,1,record
CB WE REC,CB,2007-06,active,1,record
CB WE REC,CB,2007-07,active,1,record
CB WE REC,CB,2007-08,active,1,record
CB WE REC,CB,2007-09,active,1,record
CB WE REC,CB,2007-10,silent,0,record
CB WE REC,CB,2007-11,silent,0,record
CB WE REC,CB,2007-12,silent,0,record
CB WE REC,CB,2008-01,silent,0,record
CB WE REC,CB,2008-02,active,1,record
CB WE REC,CB,2008-03,active,1,record
CB WE REC,CB,2008-04,active,1,record
CB WE REC,CB,2008-05,active,1,record
CB WE REC,CB,2008-06,active,1,record
CB WE REC,CB,2008-07,active,1,record
CB WE REC,CB,2008-08,active,1,record
CB WE REC,CB,2008-09,active,1,record
CB WE REC,CB,2008-10,active,1,record
CB WE REC,CB,2008-11,active,1,record
CB WE REC,CB,2008-12,active,1,record
CB WE REC,CB,2009-01,active,1,record
CB WE REC,CB,2009-02,active,1,record
CB WE REC,CB,2009-03,active,1,record
CB WE REC,CB,2009-04,active,1,record
CB WE REC,CB,2009-05,active,1,record
CB WE REC,CB,2009-06,silent,0,record
CB WE REC,CB,2009-07,silent,0,record
CB WE REC,CB,2009-08,silent,0,record
CB WE REC,CB,2009-09,silent,0,record
CB WE REC,CB,2009-10,silent,0,record
CB WE REC,CB,2009-11,silent,0,record
CB WE REC,CB,2009-12,silent,0,record
CB WE REC,CB,2010-01,silent,0,record
CB WE REC,CB,2010-02,silent,0,record
CB WE REC,CB,2010-03,silent,0,record
CB WE REC,CB,2010-04,silent,0,record
CB WE REC,CB,2010-05,silent,0,record
CB WE REC,CB,2010-06,silent,0,record
CB WE REC,CB,2010-07,silent,0,record
CB WE REC,CB,2010-08,silent,0,record
CB WE REC,CB,2010-09,silent,0,record
CB WE REC,CB,2010-10,silent,0,record
CB WE REC,CB,2010-11,silent,0,record
CB WE REC,CB,2010-12,silent,0,record
CB WE REC,CB,2011-01,silent,0,record
CB WE REC,CB,2011-02,silent,0,record
CB WE REC,CB,2011-03,silent,0,record
CB WE REC,CB,2011-04,silent,0,record
CB WE REC,CB,2011-05,silent,0,record
CB WE REC,CB,2011-06,active,1,record
CB WE REC,CB,2011-07,active,1,record
CB WE REC,CB,2011-08,active,1,record
CB WE REC,CB,2011-09,silent,0,record
CB WE REC,CB,2011-10,silent,0,record
CB WE REC,CB,2011-11,silent,0,record
CB WE REC,CB,2011-12,silent,0,record
CB WE REC,CB,2012-01,silent,0,record
CB WE REC,CB,2012-02,silent,0,record
CB WE REC,CB,2012-03,silent,0,record
CB WE REC,CB,2012-04,silent,0,record
CB WE REC,CB,2012-05,silent,0,record
CB WE REC,CB,2012-06,silent,0,record
CB WE REC,CB,2012-07,active,1,record
CB WE REC,CB,2012-08,silent,0,record
CB WE REC,CB,2012-09,silent,0,record
CB WE REC,CB,2012-10,silent,0,record
CB WE REC,CB,2012-11,silent,0,record
CB WE REC,CB,2012-12,silent,0,record
CB WE REC,CB,2013-01,silent,0,record
CB WE REC,CB,2013-02,silent,0,record
CB WE REC,CB,2013-03,silent,0,record
CB WE REC,CB,2013-04,silent,0,record
CB WE REC,CB,2013-05,silent,0,record
CB WE REC,CB,2013-06,silent,0,record
CB WE REC,CB,2013-07,active,1,record
CB WE REC,CB,2013-08,silent,0,record
CB WE REC,CB,2013-09,silent,0,record
CB WE REC,CB,2013-10,silent,0,record
CB WE REC,CB,2013-11,silent,0,record
CB WE REC,CB,2013-12,silent,0,record
CB WE REC,CB,2014-01,silent,0,record
CB WE REC,CB,2014-02,silent,0,record
CB WE REC,CB,2014-03,silent,0,record
CB WE REC,CB,2014-04,silent,0,record
CB WE REC,CB,2014-05,silent,0,record
CB WE REC,CB,2014-06,silent,0,record
CB WE REC,CB,2014-07,silent,0,record
CB WE REC,CB,2014-08,silent,0,record
CB WE REC,CB,2014-09,silent,0,record
CB WE REC,CB,2014-10,silent,0,record
CB WE REC,CB,2014-11,unknown,0,none
CB WE REC,CB,2014-12,unknown,0,none
CB WE REC,CB,2015-01,unknown,0,none
CB WE REC,CB,2015-02,unknown,0,none
CB WE REC,CB,2015-03,unknown,0,none
CB WE REC,CB,2015-04,unknown,0,none
CB WE REC,CB,2015-05,unknown,0,none
CB WE REC,CB,2015-06,unknown,0,none
CB WE REC,CB,2015-07,unknown,0,none
CB WE REC,CB,2015-08,unknown,0,none
CB WE REC,CB,2015-09,silent,0,download_header
CB WE REC,CB,2015-10,silent,0,download_header
CB WE REC,CB,2015-11,silent,0,download_header
CB WE REC,CB,2015-12,silent,0,download_header
CB WE REC,CB,2016-01,silent,0,download_header
CB WE REC,CB,2016-02,silent,0,download_header
CB WE REC,CB,2016-03,silent,0,download_header
CB WE REC,CB,2016-04,silent,0,download_header
CB WE REC,CB,2016-05,silent,0,download_header
CB WE REC,CB,2016-06,silent,0,download_header
CB WE REC,CB,2016-07,silent,0,download_header
CB WE REC,CB,2016-08,silent,0,download_header
CB WE REC,CB,2016-09,silent,0,download_header
CB WE REC,CB,2016-10,silent,0,record
CB WE REC,CB,2016-11,silent,0,record
CB WE REC,CB,2016-12,active,1,record
CB WE REC,CB,2017-01,silent,0,record
CB WE REC,CB,2017-02,silent,0,record
CB WE REC,CB,2017-03,active,1,record
CB WE REC,CB,2017-04,silent,0,record
CB WE REC,CB,2017-05,silent,0,record
CB WE REC,CB,2017-06,silent,0,record
CB WE REC,CB,2017-07,active,1,record
CB WE REC,CB,2017-08,active,1,record
CB WE REC,CB,2017-09,silent,0,record
CB WE REC,CB,2017-10,silent,0,record
CB WE REC,CB,2017-11,silent,0,record
CB WE REC,CB,2017-12,silent,0,record
CB WE REC,CB,2018-01,active,1,record
CB WE REC,CB,2018-02,silent,0,record
CB WE REC,CB,2018-03,silent,0,record
CB WE REC,CB,2018-04,silent,0,record
CB WE REC,CB,2018-05,silent,0,record
CB WE REC,CB,2018-06,silent,0,record
CB WE REC,CB,2018-07,silent,0,record
CB WE REC,CB,2018-08,silent,0,record
CB WE REC,CB,2018-09,silent,0,record
CB WE REC,CB,2018-10,active,1,record
CB WE REC,CB,2018-11,silent,0,record
CB WE REC,CB,2018-12,silent,0,record
CB WE REC,CB,2019-01,silent,0,record
CB WE REC,CB,2019-02,silent,0,record
CB WE REC,CB,2019-03,silent,0,record
CB WE REC,CB,2019-04,silent,0,record
CB WE REC,CB,2019-05,silent,0,record
CB WE REC,CB,2019-06,active,1,record
CB WE REC,CB,2019-07,silent,0,record
CB WE REC,CB,2019-08,silent,0,record
CB WE REC,CB,2019-09,silent,0,record
CB WE REC,CB,2019-10,active,1,record
CB WE REC,CB,2019-11,silent,0,record
CB WE REC,CB,2019-12,silent,0,record
CB WE REC,CB,2020-01,silent,0,record
CB WE REC,CB,2020-02,silent,0,record
CB WE REC,CB,2020-03,silent,0,record
CB WE REC,CB,2020-04,silent,0,record
CB WE REC,CB,2020-05,silent,0,record
CB WE REC,CB,2020-06,silent,0,record
CB WE REC,CB,2020-07,silent,0,record
CB WE REC,CB,2020-08,silent,0,record
CB WE REC,CB,2020-09,silent,0,record
CB WE REC,CB,2020-10,absent,0,record
CB WE REC,CB,2020-11,absent,0,record
CB WE REC,CB,2020-12,absent,0,record
CB WE REC,CB,2021-01,absent,0,record
CB WE REC,CB,2021-02,absent,0,record
CB WE REC,CB,2021-03,silent,0,record
CB WE REC,CB,2021-04,silent,0,record
CB WE REC,CB,2021-05,silent,0,record
CB WE REC,CB,2021-06,silent,0,record
CB WE REC,CB,2021-07,silent,0,record
CB WE REC,CB,2021-08,silent,0,record
CB WE REC,CB,2021-09,silent,0,record
CB WE REC,CB,2021-10,active,1,record
CB WE REC,CB,2021-11,silent,0,record
CB WE REC,CB,2021-12,silent,0,record
CB WE REC,CB,2022-01,silent,0,record
CB WE REC,CB,2022-02,silent,0,record
CB WE REC,CB,2022-03,silent,0,record
CB WE REC,CB,2022-04,silent,0,record
CB WE REC,CB,2022-05,silent,0,record
CB WE REC,CB,2022-06,silent,0,record
CB WE REC,CB,2022-07,silent,0,record
CB WE REC,CB,2022-08,silent,0,record
CB WE REC,CB,2022-09,silent,0,record
CB WE REC,CB,2022-10,active,1,record
CB WE REC,CB,2022-11,silent,0,record
CB WE REC,CB,2022-12,silent,0,record
CB WE REC,CB,2023-01,silent,0,record
CB WE REC,CB,2023-02,silent,0,record
CB WE REC,CB,2023-03,silent,0,record
CB WE REC,CB,2023-04,silent,0,record
CB WE REC,CB,2023-05,silent,0,record
CB WE REC,CB,2023-06,silent,0,record
CB WE REC,CB,2023-07,silent,0,record
CB WE REC,CB,2023-08,silent,0,record
CB WE REC,CB,2023-09,silent,0,record
CB WE REC,CB,2023-10,silent,0,record
CB WE REC,CB,2023-11,silent,0,record
CB WE REC,CB,2023-12,silent,0,record
CB WE REC,CB,2024-01,silent,0,record
CB WE REC,CB,2024-02,silent,0,record
CB WE REC,CB,2024-03,silent,0,record
CB WE REC,CB,2024-04,silent,0,record
CB WE REC,CB,2024-05,active,1,record
CB WE REC,CB,2024-06,silent,0,record
CB WE REC,CB,2024-07,silent,0,record
CB WE REC,CB,2024-08,silent,0,record
CB WE REC,CB,2024-09,silent,0,record
CB WE REC,CB,2024-10,silent,0,record
CB WE REC,CB,2024-11,silent,0,record
CB WE REC,CB,2024-12,silent,0,record
CB WE REC,CB,2025-01,silent,0,record
CB WE REC,CB,2025-02,silent,0,record
CB WE REC,CB,2025-03,silent,0,record
CB WE REC,CB,2025-04,silent,0,record
CB WE REC,CB,2025-05,silent,0,record
CB WE REC,CB,2025-06,silent,0,record
CB WE REC,CB,2025-07,silent,0,record
CB WE REC,CB,2025-08,silent,0,record
CB WE REC,CB,2025-09,silent,0,record
CB WE REC,CB,2025-10,silent,0,record
CB WE REC,CB,2025-11,absent,0,inferred_no_record
CB WE REC,CB,2025-12,absent,0,inferred_no_record
